{"v":"5.7.1","fr":60,"ip":0,"op":300,"w":500,"h":500,"nm":"2810631","ddd":0,"assets":[],"layers":[{"ddd":0,"ind":1,"ty":4,"nm":"MailBox Outlines 2","td":1,"sr":1,"ks":{"o":{"a":0,"k":100,"ix":11},"r":{"a":0,"k":0,"ix":10},"p":{"a":0,"k":[273.427,220.745,0],"ix":2},"a":{"a":0,"k":[158.036,172.09,0],"ix":1},"s":{"a":0,"k":[100,100,100],"ix":6}},"ao":0,"shapes":[{"ty":"gr","it":[{"ty":"gr","it":[{"ty":"gr","it":[{"ind":0,"ty":"sh","ix":1,"ks":{"a":0,"k":{"i":[[5.322,-5.77],[2.296,-4.605],[0.183,-17.311],[0,0],[0,0],[0.23,0],[1.098,0.636],[0,0],[0,2.545],[0,0],[-24.825,14.335],[-8.011,-4.499],[0,0]],"o":[[-5.025,5.448],[-5.585,11.2],[-0.2,18.865],[0,0],[-0.23,0.018],[-1.448,0],[0,0],[-2.204,-1.272],[0,0],[0,-30.55],[11.762,-6.793],[0,0],[0,0]],"v":[[-14.771,-51.234],[-26.247,-35.474],[-40.286,12.021],[-40.321,68.618],[-44.239,76.481],[-44.93,76.508],[-48.923,75.55],[-190.72,-6.467],[-194.712,-13.381],[-194.712,-74.527],[-149.772,-155.788],[-119.314,-158.636],[-119.287,-158.701]],"c":true},"ix":2},"nm":"Path 6","mn":"ADBE Vector Shape - Group","hd":false},{"ty":"fl","c":{"a":0,"k":[0.0314,0.3412,0.6275,1],"ix":4},"o":{"a":0,"k":100,"ix":5},"r":1,"bm":0,"nm":"Fill 5","mn":"ADBE Vector Graphic - Fill","hd":false},{"ty":"tr","p":{"a":0,"k":[194.962,163.385],"ix":2},"a":{"a":0,"k":[0,0],"ix":1},"s":{"a":0,"k":[100,100],"ix":3},"r":{"a":0,"k":0,"ix":6},"o":{"a":0,"k":100,"ix":7},"sk":{"a":0,"k":0,"ix":4},"sa":{"a":0,"k":0,"ix":5},"nm":"Transform"}],"nm":"Group 9","np":2,"cix":2,"bm":0,"ix":1,"mn":"ADBE Vector Group","hd":false},{"ty":"tr","p":{"a":0,"k":[97.5,184.25],"ix":2},"a":{"a":0,"k":[97.5,184.25],"ix":1},"s":{"a":1,"k":[{"i":{"x":[0,0],"y":[1,1]},"o":{"x":[0.301,0.301],"y":[0,0]},"t":14,"s":[100,100]},{"i":{"x":[0.667,0.667],"y":[1,1]},"o":{"x":[0.333,0.333],"y":[0,0]},"t":44,"s":[92.882,92.882]},{"i":{"x":[0.667,0.667],"y":[1,1]},"o":{"x":[0.333,0.333],"y":[0,0]},"t":54,"s":[104.399,104.399]},{"i":{"x":[0.667,0.667],"y":[1,1]},"o":{"x":[0.333,0.333],"y":[0,0]},"t":63,"s":[98.5,98.5]},{"i":{"x":[0.56,0.56],"y":[1,1]},"o":{"x":[0.333,0.333],"y":[0,0]},"t":72,"s":[101,101]},{"t":92,"s":[100,100]}],"ix":3},"r":{"a":1,"k":[{"i":{"x":[0],"y":[1]},"o":{"x":[0.301],"y":[0]},"t":14,"s":[0]},{"i":{"x":[0.667],"y":[0.938]},"o":{"x":[0.333],"y":[0]},"t":44,"s":[-27.731]},{"i":{"x":[0.667],"y":[1]},"o":{"x":[0.333],"y":[-0.129]},"t":54,"s":[10.924]},{"i":{"x":[0.667],"y":[1]},"o":{"x":[0.333],"y":[0]},"t":63,"s":[-5.842]},{"i":{"x":[0.4],"y":[1]},"o":{"x":[0.333],"y":[0]},"t":72,"s":[3.845]},{"t":92,"s":[0]}],"ix":6},"o":{"a":0,"k":100,"ix":7},"sk":{"a":0,"k":0,"ix":4},"sa":{"a":0,"k":0,"ix":5},"nm":"Transform"}],"nm":"Group 10","np":1,"cix":2,"bm":0,"ix":1,"mn":"ADBE Vector Group","hd":false},{"ty":"tr","p":{"a":0,"k":[99.813,301.938],"ix":2},"a":{"a":0,"k":[99.813,301.938],"ix":1},"s":{"a":0,"k":[100,100],"ix":3},"r":{"a":1,"k":[{"i":{"x":[0],"y":[1]},"o":{"x":[0.301],"y":[0]},"t":14,"s":[0]},{"i":{"x":[0.667],"y":[1]},"o":{"x":[0.333],"y":[0]},"t":44,"s":[-25.026]},{"i":{"x":[0.667],"y":[1]},"o":{"x":[0.333],"y":[0]},"t":54,"s":[18.065]},{"i":{"x":[0.667],"y":[1]},"o":{"x":[0.333],"y":[0]},"t":63,"s":[-4.418]},{"i":{"x":[0.56],"y":[1]},"o":{"x":[0.333],"y":[0]},"t":72,"s":[1.436]},{"t":92,"s":[0]}],"ix":6},"o":{"a":0,"k":100,"ix":7},"sk":{"a":0,"k":0,"ix":4},"sa":{"a":0,"k":0,"ix":5},"nm":"Transform"}],"nm":"Group 16","np":1,"cix":2,"bm":0,"ix":1,"mn":"ADBE Vector Group","hd":false}],"ip":-20,"op":533.4,"st":-9,"bm":0},{"ddd":0,"ind":2,"ty":4,"nm":"Letter Outlines","tt":2,"sr":1,"ks":{"o":{"a":1,"k":[{"i":{"x":[0.833],"y":[0.833]},"o":{"x":[0.167],"y":[0.167]},"t":147,"s":[100]},{"t":217,"s":[0]}],"ix":11},"r":{"a":0,"k":0,"ix":10},"p":{"a":1,"k":[{"i":{"x":0.667,"y":1},"o":{"x":0.167,"y":0.167},"t":66,"s":[150.282,132.766,0],"to":[35.333,20.167,0],"ti":[-35.333,-20.167,0]},{"i":{"x":0.667,"y":0.667},"o":{"x":0.167,"y":0.167},"t":97,"s":[362.282,253.766,0],"to":[0,0,0],"ti":[0,0,0]},{"i":{"x":0.667,"y":1},"o":{"x":0.167,"y":0},"t":147,"s":[362.282,253.766,0],"to":[1,-28.333,0],"ti":[-1,28.333,0]},{"t":217,"s":[368.282,83.766,0]}],"ix":2},"a":{"a":0,"k":[55.09,71.863,0],"ix":1},"s":{"a":1,"k":[{"i":{"x":[0,0,0],"y":[1,1,1]},"o":{"x":[0.333,0.333,0.333],"y":[0,0,0]},"t":66,"s":[0,0,100]},{"i":{"x":[0.833,0.833,0.833],"y":[1,1,1]},"o":{"x":[0.333,0.333,0.333],"y":[0,0,0]},"t":73,"s":[100,100,100]},{"t":147,"s":[100,100,100]}],"ix":6}},"ao":0,"shapes":[{"ty":"gr","it":[{"ty":"gr","it":[{"ind":0,"ty":"sh","ix":1,"ks":{"a":0,"k":{"i":[[0,0],[0,0],[1.918,2.941],[0,0],[0,0],[0,0],[0,0],[-0.369,-0.617],[0,0],[0,0],[-3.41,1.512],[0,0],[0,0],[0,0.645],[0,0],[0,0]],"o":[[0,0],[-3.291,1.226],[0,0],[0,0],[0,0],[0,0],[0.009,0.627],[0,0],[0,0],[1.982,3.162],[0,0],[0,0],[0.369,-0.193],[0,0],[0,0],[0,0]],"v":[[51.789,-10.127],[5.623,7.122],[-3.282,4.19],[-10.695,-7.169],[-51.587,-69.816],[-12.174,-6.742],[-51.789,8.763],[-51.181,10.707],[-12.063,-6.564],[-3.448,7.223],[5.945,10.108],[12.08,7.401],[51.19,69.816],[51.789,68.535],[51.789,67.263],[12.271,7.316]],"c":true},"ix":2},"nm":"Path 1","mn":"ADBE Vector Shape - Group","hd":false},{"ty":"fl","c":{"a":0,"k":[0.08235294117647059,0.1450980392156863,0.23921568627450981,1],"ix":4},"o":{"a":0,"k":100,"ix":5},"r":1,"bm":0,"nm":"Fill 1","mn":"ADBE Vector Graphic - Fill","hd":false},{"ind":2,"ty":"sh","ix":3,"ks":{"a":0,"k":{"i":[[0,-0.618],[0,0],[1.078,-0.618],[0,0],[0.194,-0.065],[0.285,-0.037],[0.498,0.101],[0.12,0.036],[0.074,0.037],[-0.259,0.129],[0,0.645],[0,0],[0.608,0.249],[0,0],[0,0]],"o":[[0,0],[0,1.245],[0,0],[-0.166,0.092],[-0.249,0.083],[-0.508,0.065],[-0.129,-0.028],[-0.083,-0.028],[0.36,0.129],[0.368,-0.194],[0,0],[0,-0.801],[0,0],[0,0],[0.35,0.608]],"v":[[57.891,-11.399],[57.891,65.013],[55.937,68.387],[53.743,69.659],[53.208,69.899],[52.407,70.083],[50.867,70.028],[50.489,69.927],[50.258,69.834],[51.19,69.816],[51.788,68.535],[51.788,-7.878],[50.775,-9.537],[51.788,-10.127],[57.32,-13.316]],"c":true},"ix":2},"nm":"Path 2","mn":"ADBE Vector Shape - Group","hd":false},{"ty":"fl","c":{"a":0,"k":[0.1886,0.7314,0.6319,1],"ix":4},"o":{"a":0,"k":100,"ix":5},"r":1,"bm":0,"nm":"Fill 2","mn":"ADBE Vector Graphic - Fill","hd":false},{"ty":"tr","p":{"a":0,"k":[52.04,73.198],"ix":2},"a":{"a":0,"k":[0,0],"ix":1},"s":{"a":0,"k":[100,100],"ix":3},"r":{"a":0,"k":0,"ix":6},"o":{"a":0,"k":100,"ix":7},"sk":{"a":0,"k":0,"ix":4},"sa":{"a":0,"k":0,"ix":5},"nm":"Transform"}],"nm":"Group 1","np":4,"cix":2,"bm":0,"ix":1,"mn":"ADBE Vector Group","hd":false},{"ty":"gr","it":[{"ind":0,"ty":"sh","ix":1,"ks":{"a":0,"k":{"i":[[-0.351,-0.608],[0,0],[0,0],[-0.534,0.313],[0,0],[-1.07,-0.627],[0,0]],"o":[[0,0],[0,0],[0.35,-0.608],[0,0],[1.069,-0.627],[0,0],[0.544,0.313]],"v":[[54.269,28.144],[48.738,31.334],[-54.269,-28.144],[-52.896,-29.6],[-50.693,-30.863],[-46.802,-30.863],[52.886,26.688]],"c":true},"ix":2},"nm":"Path 1","mn":"ADBE Vector Shape - Group","hd":false},{"ty":"fl","c":{"a":0,"k":[0.17254901960784313,0.5568627450980392,0.7803921568627451,1],"ix":4},"o":{"a":0,"k":100,"ix":5},"r":1,"bm":0,"nm":"Fill 1","mn":"ADBE Vector Graphic - Fill","hd":false},{"ind":2,"ty":"sh","ix":3,"ks":{"a":0,"k":{"i":[[0,0],[1.076,0.622],[0,0],[1.076,-0.621],[0,0],[0,-1.243],[0,0],[-1.072,-0.619],[0,0],[-1.072,0.619],[0,0],[0,1.237]],"o":[[0,-1.243],[0,0],[-1.076,-0.621],[0,0],[-1.077,0.621],[0,0],[0,1.237],[0,0],[1.071,0.619],[0,0],[1.072,-0.619],[0,0]],"v":[[54.837,30.064],[52.889,26.689],[-46.8,-30.866],[-50.697,-30.866],[-52.893,-29.598],[-54.842,-26.223],[-54.842,50.19],[-52.893,53.565],[46.795,111.12],[50.692,111.12],[52.888,109.852],[54.837,106.477]],"c":true},"ix":2},"nm":"Path 2","mn":"ADBE Vector Shape - Group","hd":false},{"ty":"fl","c":{"a":0,"k":[0.1474,0.8726,0.7396,1],"ix":4},"o":{"a":0,"k":100,"ix":5},"r":1,"bm":0,"nm":"Fill 2","mn":"ADBE Vector Graphic - Fill","hd":false},{"ty":"tr","p":{"a":0,"k":[55.092,31.737],"ix":2},"a":{"a":0,"k":[0,0],"ix":1},"s":{"a":0,"k":[100,100],"ix":3},"r":{"a":0,"k":0,"ix":6},"o":{"a":0,"k":100,"ix":7},"sk":{"a":0,"k":0,"ix":4},"sa":{"a":0,"k":0,"ix":5},"nm":"Transform"}],"nm":"Group 3","np":4,"cix":2,"bm":0,"ix":2,"mn":"ADBE Vector Group","hd":false},{"ty":"tr","p":{"a":0,"k":[0,0],"ix":2},"a":{"a":0,"k":[0,0],"ix":1},"s":{"a":0,"k":[100,100],"ix":3},"r":{"a":0,"k":0,"ix":6},"o":{"a":0,"k":100,"ix":7},"sk":{"a":0,"k":0,"ix":4},"sa":{"a":0,"k":0,"ix":5},"nm":"Transform"}],"nm":"Group 4","np":2,"cix":2,"bm":0,"ix":1,"mn":"ADBE Vector Group","hd":false}],"ip":62,"op":505.4,"st":-37,"bm":0},{"ddd":0,"ind":3,"ty":4,"nm":"MailBox Outlines","sr":1,"ks":{"o":{"a":0,"k":100,"ix":11},"r":{"a":0,"k":0,"ix":10},"p":{"a":0,"k":[273.427,220.745,0],"ix":2},"a":{"a":0,"k":[158.036,172.09,0],"ix":1},"s":{"a":0,"k":[100,100,100],"ix":6}},"ao":0,"shapes":[{"ty":"gr","it":[{"ty":"gr","it":[{"ty":"gr","it":[{"ind":0,"ty":"sh","ix":1,"ks":{"a":1,"k":[{"i":{"x":0.667,"y":1},"o":{"x":0.333,"y":0},"t":47,"s":[{"i":[[0,0],[0,0],[0,0],[0,0],[0,0]],"o":[[0,0],[0,0],[0,0],[0,0],[0,0]],"v":[[17.945,-4.774],[-22.277,10.5],[-10.803,20.697],[-22.277,40.766],[17.945,25.493]],"c":true}]},{"i":{"x":0.667,"y":1},"o":{"x":0.167,"y":0},"t":56,"s":[{"i":[[0,0],[0,0],[0,0],[0,0],[0,0]],"o":[[0,0],[0,0],[0,0],[0,0],[0,0]],"v":[[17.945,-4.774],[-17.945,-25.493],[-6.71,-3.876],[-17.945,4.772],[17.945,25.493]],"c":true}]},{"i":{"x":0.667,"y":1},"o":{"x":0.333,"y":0},"t":248,"s":[{"i":[[0,0],[0,0],[0,0],[0,0],[0,0]],"o":[[0,0],[0,0],[0,0],[0,0],[0,0]],"v":[[17.945,-4.774],[-17.945,-25.493],[-6.71,-3.876],[-17.945,4.772],[17.945,25.493]],"c":true}]},{"t":257,"s":[{"i":[[0,0],[0,0],[0,0],[0,0],[0,0]],"o":[[0,0],[0,0],[0,0],[0,0],[0,0]],"v":[[17.945,-4.774],[-22.277,10.5],[-10.803,20.697],[-22.277,40.766],[17.945,25.493]],"c":true}]}],"ix":2},"nm":"Path 1","mn":"ADBE Vector Shape - Group","hd":false},{"ty":"fl","c":{"a":0,"k":[0.1474,0.8726,0.7396,1],"ix":4},"o":{"a":0,"k":100,"ix":5},"r":1,"bm":0,"nm":"Fill 1","mn":"ADBE Vector Graphic - Fill","hd":false},{"ind":2,"ty":"sh","ix":3,"ks":{"a":0,"k":{"i":[[1.979,0],[0,1.979],[0,0],[-1.979,0],[0,-1.979],[0,0]],"o":[[-1.979,0],[0,0],[0,-1.979],[1.979,0],[0,0],[0,1.979]],"v":[[21.529,90.09],[17.946,86.507],[17.946,-14.779],[21.529,-18.362],[25.112,-14.779],[25.112,86.507]],"c":true},"ix":2},"nm":"Path 2","mn":"ADBE Vector Shape - Group","hd":false},{"ty":"fl","c":{"a":0,"k":[0.92,0.92,0.92,1],"ix":4},"o":{"a":0,"k":100,"ix":5},"r":1,"bm":0,"nm":"Fill 2","mn":"ADBE Vector Graphic - Fill","hd":false},{"ty":"tr","p":{"a":0,"k":[112.34,186.015],"ix":2},"a":{"a":0,"k":[23,85.75],"ix":1},"s":{"a":0,"k":[100,100],"ix":3},"r":{"a":1,"k":[{"i":{"x":[0.667],"y":[1]},"o":{"x":[0.333],"y":[0]},"t":47,"s":[-68]},{"i":{"x":[0.667],"y":[1]},"o":{"x":[0.167],"y":[0]},"t":56,"s":[0]},{"i":{"x":[0.667],"y":[1]},"o":{"x":[0.333],"y":[0]},"t":248,"s":[0]},{"t":257,"s":[-68]}],"ix":6},"o":{"a":0,"k":100,"ix":7},"sk":{"a":0,"k":0,"ix":4},"sa":{"a":0,"k":0,"ix":5},"nm":"Transform"}],"nm":"Group 1","np":4,"cix":2,"bm":0,"ix":1,"mn":"ADBE Vector Group","hd":false},{"ty":"gr","it":[{"ind":0,"ty":"sh","ix":1,"ks":{"a":0,"k":{"i":[[-6.825,-3.94],[0,-7.88],[6.825,3.941],[0.001,7.88]],"o":[[6.825,3.94],[0,7.88],[-6.824,-3.94],[0,-7.88]],"v":[[0,-14.269],[12.357,7.133],[0,14.267],[-12.357,-7.135]],"c":true},"ix":2},"nm":"Path 1","mn":"ADBE Vector Shape - Group","hd":false},{"ty":"fl","c":{"a":0,"k":[0.98,0.98,0.98,1],"ix":4},"o":{"a":0,"k":100,"ix":5},"r":1,"bm":0,"nm":"Fill 1","mn":"ADBE Vector Graphic - Fill","hd":false},{"ind":2,"ty":"sh","ix":3,"ks":{"a":0,"k":{"i":[[0,0],[0,0],[0,0],[0,0],[0,0],[-3.388,-1.956],[0,-7.879],[2.228,-1.294],[0,0],[0,0],[0,0],[0,0],[0,0],[1.24,0.716],[0.001,7.88],[-0.23,0.956]],"o":[[0,0],[0,0],[0,0],[0,0],[2.233,-1.259],[6.823,3.94],[0,3.934],[0,0],[0,0],[0,0],[0,0],[0,0],[-1.129,-0.259],[-6.823,-3.94],[0,-1.17],[0,0]],"v":[[-8.992,-14.972],[-2.474,-18.734],[-2.468,-18.737],[-2.422,-18.764],[-2.417,-18.757],[6.268,-17.87],[18.624,3.531],[15.016,11.523],[15.016,11.525],[15.006,11.53],[15.004,11.531],[8.939,15.005],[7.845,13.176],[4.301,11.798],[-8.056,-9.604],[-7.669,-12.761]],"c":true},"ix":2},"nm":"Path 2","mn":"ADBE Vector Shape - Group","hd":false},{"ty":"fl","c":{"a":0,"k":[0.88,0.88,0.88,1],"ix":4},"o":{"a":0,"k":100,"ix":5},"r":1,"bm":0,"nm":"Fill 2","mn":"ADBE Vector Graphic - Fill","hd":false},{"ty":"tr","p":{"a":0,"k":[110.868,186.961],"ix":2},"a":{"a":0,"k":[0,0],"ix":1},"s":{"a":0,"k":[100,100],"ix":3},"r":{"a":0,"k":0,"ix":6},"o":{"a":0,"k":100,"ix":7},"sk":{"a":0,"k":0,"ix":4},"sa":{"a":0,"k":0,"ix":5},"nm":"Transform"}],"nm":"Group 3","np":4,"cix":2,"bm":0,"ix":2,"mn":"ADBE Vector Group","hd":false},{"ty":"gr","it":[{"ind":0,"ty":"sh","ix":1,"ks":{"a":1,"k":[{"i":{"x":0.833,"y":0.833},"o":{"x":0.97,"y":0},"t":40.6,"s":[{"i":[[0.23,-1.742],[0.94,2.166],[9.513,5.494],[0,0],[2.213,-1.272],[0,0],[0,0],[-2.203,1.272],[0,0],[-2.203,-1.272],[0,0],[-2.959,-6.904],[-0.249,-2.332]],"o":[[-0.267,-2.194],[-2.959,-6.905],[0,0],[-2.203,-1.272],[0,0],[0,0],[-2.203,-1.273],[0,0],[2.213,-1.272],[0,0],[9.513,5.494],[0.995,2.296],[0.193,1.761]],"v":[[82.643,31.541],[80.828,24.987],[62.123,5.969],[9.172,-24.6],[1.189,-24.6],[-79.767,22.138],[-80.689,21.613],[-80.689,17.003],[1.189,-30.269],[9.172,-30.269],[62.123,0.3],[80.828,19.317],[82.699,26.277]],"c":true}]},{"i":{"x":0.833,"y":0.833},"o":{"x":0.167,"y":0.167},"t":43,"s":[{"i":[[0.228,-1.739],[0.942,2.162],[9.516,5.477],[0.035,0.005],[2.213,-1.272],[0,0],[0,0],[-2.203,1.272],[0,0],[-2.198,-1.269],[0,0],[-2.966,-6.89],[-0.252,-2.328]],"o":[[-0.27,-2.19],[-2.966,-6.891],[0,0],[-2.204,-1.268],[0,0],[0,0],[-2.203,-1.273],[0,0],[2.213,-1.272],[0,0],[9.516,5.477],[0.997,2.291],[0.195,1.758]],"v":[[82.671,31.383],[80.849,24.842],[62.128,5.871],[9.176,-24.607],[1.189,-24.6],[-79.767,22.138],[-80.689,21.613],[-80.689,17.003],[1.189,-30.269],[9.174,-30.274],[62.121,0.212],[80.842,19.182],[82.721,26.128]],"c":true}]},{"i":{"x":0.833,"y":0.833},"o":{"x":0.167,"y":0.167},"t":46,"s":[{"i":[[0.209,-1.715],[0.961,2.124],[9.541,5.34],[0.323,0.05],[2.213,-1.272],[0,0],[0,0],[-2.203,1.272],[0,0],[-2.156,-1.245],[0,0],[-3.027,-6.771],[-0.275,-2.292]],"o":[[-0.291,-2.156],[-3.027,-6.772],[0,0],[-2.212,-1.234],[0,0],[0,0],[-2.203,-1.273],[0,0],[2.213,-1.272],[0,0],[9.541,5.34],[1.018,2.252],[0.212,1.731]],"v":[[82.906,30.077],[81.023,23.642],[62.168,5.06],[9.21,-24.66],[1.189,-24.6],[-79.767,22.138],[-80.689,21.613],[-80.689,17.003],[1.189,-30.269],[9.194,-30.317],[62.103,-0.516],[80.958,18.065],[82.902,24.898]],"c":true}]},{"i":{"x":0.833,"y":0.833},"o":{"x":0.167,"y":0.167},"t":49,"s":[{"i":[[0.142,-1.628],[1.031,1.99],[9.632,4.843],[1.368,0.212],[2.213,-1.272],[0,0],[0,0],[-2.203,1.272],[0,0],[-2.006,-1.158],[0,0],[-3.249,-6.34],[-0.359,-2.163]],"o":[[-0.37,-2.034],[-3.249,-6.342],[0,0],[-2.24,-1.112],[0,0],[0,0],[-2.203,-1.273],[0,0],[2.213,-1.272],[0,0],[9.632,4.843],[1.091,2.109],[0.276,1.633]],"v":[[83.759,25.334],[81.653,19.286],[62.315,2.117],[9.333,-24.856],[1.189,-24.6],[-79.767,22.138],[-80.689,21.613],[-80.689,17.003],[1.189,-30.269],[9.265,-30.474],[62.039,-3.159],[81.377,14.009],[83.558,20.434]],"c":true}]},{"i":{"x":0.833,"y":0.833},"o":{"x":0.167,"y":0.167},"t":51,"s":[{"i":[[-0.068,-1.357],[1.245,1.572],[9.913,3.303],[4.608,0.712],[2.213,-1.272],[0,0],[0,0],[-2.203,1.272],[0,0],[-1.539,-0.889],[0,0],[-3.935,-5.006],[-0.618,-1.763]],"o":[[-0.612,-1.656],[-3.935,-5.01],[0,0],[-2.326,-0.733],[0,0],[0,0],[-2.203,-1.273],[0,0],[2.213,-1.272],[0,0],[9.913,3.303],[1.319,1.665],[0.471,1.331]],"v":[[86.4,10.643],[83.607,5.793],[62.769,-6.999],[9.713,-25.462],[1.189,-24.6],[-79.767,22.138],[-80.689,21.613],[-80.689,17.003],[1.189,-30.269],[9.484,-30.959],[61.84,-11.345],[82.678,1.447],[85.591,6.603]],"c":true}]},{"i":{"x":0.833,"y":0.833},"o":{"x":0.167,"y":0.167},"t":54,"s":[{"i":[[-0.277,-1.087],[1.46,1.154],[10.195,1.763],[7.847,1.213],[2.213,-1.272],[0,0],[0,0],[-2.203,1.272],[0,0],[-1.072,-0.619],[0,0],[-4.621,-3.671],[-0.878,-1.363]],"o":[[-0.855,-1.278],[-4.621,-3.678],[0,0],[-2.412,-0.354],[0,0],[0,0],[-2.203,-1.273],[0,0],[2.213,-1.272],[0,0],[10.195,1.763],[1.547,1.221],[0.667,1.029]],"v":[[89.042,-4.048],[85.56,-7.701],[63.222,-16.116],[10.094,-26.068],[1.189,-24.6],[-79.767,22.138],[-80.689,21.613],[-80.689,17.003],[1.189,-30.269],[9.703,-31.445],[61.641,-19.531],[83.978,-11.116],[87.624,-7.228]],"c":true}]},{"i":{"x":0,"y":1},"o":{"x":0.73,"y":0},"t":55,"s":[{"i":[[-0.757,-0.465],[1.953,0.195],[10.841,-1.774],[18.471,-3.647],[2.213,-1.272],[0,0],[0,0],[-2.203,1.272],[0,0],[0,0],[0,0],[-6.197,-0.606],[-1.474,-0.443]],"o":[[-1.413,-0.41],[-6.197,-0.619],[0,0],[-2.611,0.515],[0,0],[0,0],[-2.203,-1.273],[0,0],[2.213,-1.272],[0,0],[10.841,-1.774],[2.07,0.202],[1.117,0.336]],"v":[[86.412,-34.727],[81.351,-35.63],[55.919,-36.1],[10.968,-27.46],[1.189,-24.6],[-79.767,22.138],[-80.689,21.613],[-80.689,17.003],[1.189,-30.269],[10.206,-32.559],[52.838,-37.377],[78.269,-36.908],[83.597,-35.932]],"c":true}]},{"i":{"x":0,"y":1},"o":{"x":0.47,"y":0},"t":56,"s":[{"i":[[0.23,-1.742],[0.94,2.166],[9.513,5.494],[0,0],[2.213,-1.272],[0,0],[0,0],[-2.203,1.272],[0,0],[-2.203,-1.272],[0,0],[-2.959,-6.904],[-0.249,-2.332]],"o":[[-0.267,-2.194],[-2.959,-6.905],[0,0],[-2.203,-1.272],[0,0],[0,0],[-2.203,-1.273],[0,0],[2.213,-1.272],[0,0],[9.513,5.494],[0.995,2.296],[0.193,1.761]],"v":[[87.24,35.444],[85.425,28.89],[66.72,9.872],[9.172,-24.6],[1.189,-24.6],[-79.767,22.138],[-80.689,21.613],[-80.689,17.003],[1.189,-30.269],[9.172,-30.269],[66.72,4.203],[85.425,23.22],[87.296,30.18]],"c":true}]},{"i":{"x":0,"y":1},"o":{"x":0.167,"y":0},"t":76.6,"s":[{"i":[[0.23,-1.742],[0.94,2.166],[9.513,5.494],[0,0],[2.213,-1.272],[0,0],[0,0],[-2.203,1.272],[0,0],[-2.203,-1.272],[0,0],[-2.959,-6.904],[-0.249,-2.332]],"o":[[-0.267,-2.194],[-2.959,-6.905],[0,0],[-2.203,-1.272],[0,0],[0,0],[-2.203,-1.273],[0,0],[2.213,-1.272],[0,0],[9.513,5.494],[0.995,2.296],[0.193,1.761]],"v":[[82.643,31.541],[80.828,24.987],[62.123,5.969],[9.172,-24.6],[1.189,-24.6],[-79.767,22.138],[-80.689,21.613],[-80.689,17.003],[1.189,-30.269],[9.172,-30.269],[62.123,0.3],[80.828,19.317],[82.699,26.277]],"c":true}]},{"i":{"x":0.833,"y":0.833},"o":{"x":1,"y":0},"t":231,"s":[{"i":[[0.23,-1.742],[0.94,2.166],[9.513,5.494],[0,0],[2.213,-1.272],[0,0],[0,0],[-2.203,1.272],[0,0],[-2.203,-1.272],[0,0],[-2.959,-6.904],[-0.249,-2.332]],"o":[[-0.267,-2.194],[-2.959,-6.905],[0,0],[-2.203,-1.272],[0,0],[0,0],[-2.203,-1.273],[0,0],[2.213,-1.272],[0,0],[9.513,5.494],[0.995,2.296],[0.193,1.761]],"v":[[82.643,31.541],[80.828,24.987],[62.123,5.969],[9.172,-24.6],[1.189,-24.6],[-79.767,22.138],[-80.689,21.613],[-80.689,17.003],[1.189,-30.269],[9.172,-30.269],[62.123,0.3],[80.828,19.317],[82.699,26.277]],"c":true}]},{"i":{"x":0.27,"y":1},"o":{"x":0.167,"y":0.167},"t":252,"s":[{"i":[[0.248,-1.389],[0.493,1.506],[5.974,2.511],[0,0],[2.213,-1.272],[0,0],[0,0],[-2.203,1.272],[0,0],[-2.203,-1.272],[0,0],[-1.593,-4.791],[-0.04,-1.758]],"o":[[-0.055,-1.648],[-1.572,-4.798],[0,0],[-2.203,-1.272],[0,0],[0,0],[-2.203,-1.273],[0,0],[2.213,-1.272],[0,0],[5.974,2.511],[0.53,1.594],[0.03,1.326]],"v":[[54.378,2.879],[53.542,-1.857],[42.248,-13.146],[9.172,-24.6],[1.189,-24.6],[-79.767,22.138],[-80.689,21.613],[-80.689,17.003],[1.189,-30.269],[9.172,-30.269],[42.561,-17.529],[53.855,-6.241],[54.706,-1.201]],"c":true}]},{"i":{"x":0.833,"y":0.833},"o":{"x":0.167,"y":0.167},"t":253,"s":[{"i":[[-0.757,-0.465],[1.953,0.195],[10.841,-1.774],[18.471,-3.647],[2.213,-1.272],[0,0],[0,0],[-2.203,1.272],[0,0],[0,0],[0,0],[-6.197,-0.606],[-1.474,-0.443]],"o":[[-1.413,-0.41],[-6.197,-0.619],[0,0],[-2.611,0.515],[0,0],[0,0],[-2.203,-1.273],[0,0],[2.213,-1.272],[0,0],[10.841,-1.774],[2.07,0.202],[1.117,0.336]],"v":[[86.412,-34.727],[81.351,-35.63],[55.919,-36.1],[10.968,-27.46],[1.189,-24.6],[-79.767,22.138],[-80.689,21.613],[-80.689,17.003],[1.189,-30.269],[10.206,-32.559],[52.838,-37.377],[78.269,-36.908],[83.597,-35.932]],"c":true}]},{"i":{"x":0.833,"y":0.833},"o":{"x":0.167,"y":0.167},"t":253.6,"s":[{"i":[[-0.277,-1.087],[1.46,1.154],[10.195,1.763],[7.847,1.213],[2.213,-1.272],[0,0],[0,0],[-2.203,1.272],[0,0],[-1.072,-0.619],[0,0],[-4.621,-3.671],[-0.878,-1.363]],"o":[[-0.855,-1.278],[-4.621,-3.678],[0,0],[-2.412,-0.354],[0,0],[0,0],[-2.203,-1.273],[0,0],[2.213,-1.272],[0,0],[10.195,1.763],[1.547,1.221],[0.667,1.029]],"v":[[89.042,-4.048],[85.56,-7.701],[63.222,-16.116],[10.094,-26.068],[1.189,-24.6],[-79.767,22.138],[-80.689,21.613],[-80.689,17.003],[1.189,-30.269],[9.703,-31.445],[61.641,-19.531],[83.978,-11.116],[87.624,-7.228]],"c":true}]},{"i":{"x":0.833,"y":0.833},"o":{"x":0.167,"y":0.167},"t":255,"s":[{"i":[[-0.068,-1.357],[1.245,1.572],[9.913,3.303],[4.608,0.712],[2.213,-1.272],[0,0],[0,0],[-2.203,1.272],[0,0],[-1.539,-0.889],[0,0],[-3.935,-5.006],[-0.618,-1.763]],"o":[[-0.612,-1.656],[-3.935,-5.01],[0,0],[-2.326,-0.733],[0,0],[0,0],[-2.203,-1.273],[0,0],[2.213,-1.272],[0,0],[9.913,3.303],[1.319,1.665],[0.471,1.331]],"v":[[86.4,10.643],[83.607,5.793],[62.769,-6.999],[9.713,-25.462],[1.189,-24.6],[-79.767,22.138],[-80.689,21.613],[-80.689,17.003],[1.189,-30.269],[9.484,-30.959],[61.84,-11.345],[82.678,1.447],[85.591,6.603]],"c":true}]},{"i":{"x":0.833,"y":0.833},"o":{"x":0.167,"y":0.167},"t":257,"s":[{"i":[[0.142,-1.628],[1.031,1.99],[9.632,4.843],[1.368,0.212],[2.213,-1.272],[0,0],[0,0],[-2.203,1.272],[0,0],[-2.006,-1.158],[0,0],[-3.249,-6.34],[-0.359,-2.163]],"o":[[-0.37,-2.034],[-3.249,-6.342],[0,0],[-2.24,-1.112],[0,0],[0,0],[-2.203,-1.273],[0,0],[2.213,-1.272],[0,0],[9.632,4.843],[1.091,2.109],[0.276,1.633]],"v":[[83.759,25.334],[81.653,19.286],[62.315,2.117],[9.333,-24.856],[1.189,-24.6],[-79.767,22.138],[-80.689,21.613],[-80.689,17.003],[1.189,-30.269],[9.265,-30.474],[62.039,-3.159],[81.377,14.009],[83.558,20.434]],"c":true}]},{"i":{"x":0.833,"y":0.833},"o":{"x":0.167,"y":0.167},"t":259,"s":[{"i":[[0.209,-1.715],[0.961,2.124],[9.541,5.34],[0.323,0.05],[2.213,-1.272],[0,0],[0,0],[-2.203,1.272],[0,0],[-2.156,-1.245],[0,0],[-3.027,-6.771],[-0.275,-2.292]],"o":[[-0.291,-2.156],[-3.027,-6.772],[0,0],[-2.212,-1.234],[0,0],[0,0],[-2.203,-1.273],[0,0],[2.213,-1.272],[0,0],[9.541,5.34],[1.018,2.252],[0.212,1.731]],"v":[[82.906,30.077],[81.023,23.642],[62.168,5.06],[9.21,-24.66],[1.189,-24.6],[-79.767,22.138],[-80.689,21.613],[-80.689,17.003],[1.189,-30.269],[9.194,-30.317],[62.103,-0.516],[80.958,18.065],[82.902,24.898]],"c":true}]},{"i":{"x":0.03,"y":1},"o":{"x":0.167,"y":0.167},"t":261,"s":[{"i":[[0.142,-1.628],[1.031,1.99],[9.632,4.843],[1.368,0.212],[2.213,-1.272],[0,0],[0,0],[-2.203,1.272],[0,0],[-2.006,-1.158],[0,0],[-3.249,-6.34],[-0.359,-2.163]],"o":[[-0.37,-2.034],[-3.249,-6.342],[0,0],[-2.24,-1.112],[0,0],[0,0],[-2.203,-1.273],[0,0],[2.213,-1.272],[0,0],[9.632,4.843],[1.091,2.109],[0.276,1.633]],"v":[[83.759,25.334],[81.653,19.286],[62.315,2.117],[9.333,-24.856],[1.189,-24.6],[-79.767,22.138],[-80.689,21.613],[-80.689,17.003],[1.189,-30.269],[9.265,-30.474],[62.039,-3.159],[81.377,14.009],[83.558,20.434]],"c":true}]},{"t":263,"s":[{"i":[[0.23,-1.742],[0.94,2.166],[9.513,5.494],[0,0],[2.213,-1.272],[0,0],[0,0],[-2.203,1.272],[0,0],[-2.203,-1.272],[0,0],[-2.959,-6.904],[-0.249,-2.332]],"o":[[-0.267,-2.194],[-2.959,-6.905],[0,0],[-2.203,-1.272],[0,0],[0,0],[-2.203,-1.273],[0,0],[2.213,-1.272],[0,0],[9.513,5.494],[0.995,2.296],[0.193,1.761]],"v":[[82.643,31.541],[80.828,24.987],[62.123,5.969],[9.172,-24.6],[1.189,-24.6],[-79.767,22.138],[-80.689,21.613],[-80.689,17.003],[1.189,-30.269],[9.172,-30.269],[62.123,0.3],[80.828,19.317],[82.699,26.277]],"c":true}]}],"ix":2},"nm":"Path 1","mn":"ADBE Vector Shape - Group","hd":false},{"ty":"fl","c":{"a":0,"k":[0.2132,0.2616,0.3068,1],"ix":4},"o":{"a":1,"k":[{"i":{"x":[0.833],"y":[0.833]},"o":{"x":[0.167],"y":[0.167]},"t":40.6,"s":[0]},{"i":{"x":[0],"y":[1]},"o":{"x":[0.73],"y":[0]},"t":55,"s":[0]},{"i":{"x":[0],"y":[1]},"o":{"x":[0.47],"y":[0]},"t":56,"s":[100]},{"i":{"x":[0],"y":[1]},"o":{"x":[0.167],"y":[0]},"t":76.6,"s":[100]},{"i":{"x":[0.833],"y":[1]},"o":{"x":[1],"y":[0]},"t":231,"s":[100]},{"i":{"x":[0.27],"y":[1]},"o":{"x":[0.167],"y":[0.167]},"t":252,"s":[100]},{"i":{"x":[0.833],"y":[0.833]},"o":{"x":[0.167],"y":[0.167]},"t":253,"s":[0]},{"t":263,"s":[0]}],"ix":5},"r":1,"bm":0,"nm":"Fill 1","mn":"ADBE Vector Graphic - Fill","hd":false},{"ind":2,"ty":"sh","ix":3,"ks":{"a":1,"k":[{"i":{"x":0.833,"y":0.833},"o":{"x":0.97,"y":0},"t":40.6,"s":[{"i":[[0.94,2.166],[9.513,5.494],[0,0],[2.213,-1.272],[0,0],[0,0],[-17.948,0.239],[-11.505,6.646],[-1.078,8.269]],"o":[[-2.959,-6.905],[0,0],[-2.203,-1.272],[0,0],[0,0],[14.169,8.186],[15.533,-0.212],[10.684,-6.149],[-0.266,-2.194]],"v":[[80.828,24.987],[62.124,5.969],[9.173,-24.599],[1.189,-24.599],[-79.767,22.138],[-27.738,52.181],[22.908,64.147],[65.046,53.896],[82.642,31.541]],"c":true}]},{"i":{"x":0.833,"y":0.833},"o":{"x":0.167,"y":0.167},"t":43,"s":[{"i":[[0.942,2.161],[9.516,5.477],[0,0],[2.213,-1.272],[0,0],[0,0],[-17.941,0.252],[-11.492,6.643],[-1.067,8.255]],"o":[[-2.966,-6.891],[0,0],[-2.198,-1.269],[0,0],[0,0],[14.175,8.158],[15.527,-0.223],[10.672,-6.146],[-0.269,-2.19]],"v":[[80.849,24.842],[62.128,5.871],[9.179,-24.606],[1.189,-24.599],[-79.767,22.138],[-27.641,52.061],[23,63.968],[65.109,53.708],[82.671,31.383]],"c":true}]},{"i":{"x":0.833,"y":0.833},"o":{"x":0.167,"y":0.167},"t":46,"s":[{"i":[[0.961,2.124],[9.541,5.34],[0,0],[2.213,-1.272],[0,0],[0,0],[-17.879,0.355],[-11.387,6.614],[-0.979,8.141]],"o":[[-3.027,-6.772],[0,0],[-2.156,-1.245],[0,0],[0,0],[14.223,7.926],[15.473,-0.312],[10.574,-6.12],[-0.29,-2.156]],"v":[[81.022,23.642],[62.169,5.06],[9.229,-24.661],[1.189,-24.599],[-79.767,22.138],[-26.832,51.074],[23.764,62.487],[65.63,52.152],[82.906,30.076]],"c":true}]},{"i":{"x":0.833,"y":0.833},"o":{"x":0.167,"y":0.167},"t":49,"s":[{"i":[[1.031,1.99],[9.632,4.843],[0,0],[2.213,-1.272],[0,0],[0,0],[-17.656,0.732],[-11.003,6.51],[-0.659,7.726]],"o":[[-3.249,-6.342],[0,0],[-2.006,-1.158],[0,0],[0,0],[14.397,7.085],[15.28,-0.638],[10.218,-6.025],[-0.369,-2.034]],"v":[[81.653,19.286],[62.315,2.117],[9.414,-24.86],[1.189,-24.599],[-79.767,22.138],[-23.895,47.492],[26.538,57.111],[67.522,46.507],[83.758,25.334]],"c":true}]},{"i":{"x":0.833,"y":0.833},"o":{"x":0.167,"y":0.167},"t":51,"s":[{"i":[[1.245,1.572],[9.913,3.303],[0,0],[2.213,-1.272],[0,0],[0,0],[-16.966,1.897],[-9.814,6.19],[0.333,6.441]],"o":[[-3.935,-5.01],[0,0],[-1.539,-0.889],[0,0],[0,0],[14.937,4.48],[14.682,-1.645],[9.115,-5.733],[-0.612,-1.656]],"v":[[83.606,5.793],[62.769,-7],[9.985,-25.479],[1.189,-24.599],[-79.767,22.138],[-14.798,36.393],[35.13,40.46],[73.383,29.019],[86.4,10.643]],"c":true}]},{"i":{"x":0.833,"y":0.833},"o":{"x":0.167,"y":0.167},"t":54,"s":[{"i":[[1.46,1.154],[10.195,1.763],[0,0],[2.213,-1.272],[0,0],[0,0],[-16.275,3.063],[-8.626,5.869],[1.326,5.156]],"o":[[-4.621,-3.678],[0,0],[-1.072,-0.619],[0,0],[0,0],[15.477,1.875],[14.084,-2.653],[8.012,-5.441],[-0.854,-1.278]],"v":[[85.56,-7.701],[63.223,-16.116],[10.556,-26.097],[1.189,-24.599],[-79.767,22.138],[-5.701,25.295],[43.723,23.808],[79.243,11.531],[89.041,-4.048]],"c":true}]},{"i":{"x":0,"y":1},"o":{"x":0.73,"y":0},"t":55,"s":[{"i":[[1.953,0.195],[10.841,-1.774],[0,0],[2.213,-1.272],[0,0],[0,0],[-14.689,5.74],[-5.896,5.132],[3.605,2.205]],"o":[[-6.197,-0.619],[0,0],[0,0],[0,0],[0,0],[16.718,-4.109],[12.71,-4.967],[5.48,-4.77],[-1.412,-0.41]],"v":[[81.35,-35.63],[55.919,-36.1],[11.868,-27.518],[1.189,-24.599],[-79.767,22.138],[15.194,-0.195],[54.762,-11.375],[84.008,-25.573],[86.411,-34.727]],"c":true}]},{"i":{"x":0,"y":1},"o":{"x":0.47,"y":0},"t":56,"s":[{"i":[[0.94,2.166],[9.513,5.494],[0,0],[2.213,-1.272],[0,0],[0,0],[-17.948,0.239],[-11.505,6.646],[-1.078,8.269]],"o":[[-2.959,-6.905],[0,0],[-2.203,-1.272],[0,0],[0,0],[14.169,8.186],[15.533,-0.212],[10.684,-6.149],[-0.266,-2.194]],"v":[[85.425,28.889],[66.721,9.872],[9.173,-24.599],[1.189,-24.599],[-79.767,22.138],[-23.141,56.083],[27.505,68.049],[69.643,57.799],[87.24,35.444]],"c":true}]},{"i":{"x":0,"y":1},"o":{"x":0.167,"y":0},"t":76.6,"s":[{"i":[[0.94,2.166],[9.513,5.494],[0,0],[2.213,-1.272],[0,0],[0,0],[-17.948,0.239],[-11.505,6.646],[-1.078,8.269]],"o":[[-2.959,-6.905],[0,0],[-2.203,-1.272],[0,0],[0,0],[14.169,8.186],[15.533,-0.212],[10.684,-6.149],[-0.266,-2.194]],"v":[[80.828,24.987],[62.124,5.969],[9.173,-24.599],[1.189,-24.599],[-79.767,22.138],[-27.738,52.181],[22.908,64.147],[65.046,53.896],[82.642,31.541]],"c":true}]},{"i":{"x":0.833,"y":0.833},"o":{"x":1,"y":0},"t":231,"s":[{"i":[[0.94,2.166],[9.513,5.494],[0,0],[2.213,-1.272],[0,0],[0,0],[-17.948,0.239],[-11.505,6.646],[-1.078,8.269]],"o":[[-2.959,-6.905],[0,0],[-2.203,-1.272],[0,0],[0,0],[14.169,8.186],[15.533,-0.212],[10.684,-6.149],[-0.266,-2.194]],"v":[[80.828,24.987],[62.124,5.969],[9.173,-24.599],[1.189,-24.599],[-79.767,22.138],[-27.738,52.181],[22.908,64.147],[65.046,53.896],[82.642,31.541]],"c":true}]},{"i":{"x":0.27,"y":1},"o":{"x":0.167,"y":0.167},"t":252,"s":[{"i":[[0.493,1.506],[5.974,2.511],[0,0],[2.213,-1.272],[0,0],[0,0],[-11.856,3.467],[-7.967,7.23],[-1.167,6.59]],"o":[[-1.572,-4.798],[0,0],[-2.203,-1.272],[0,0],[0,0],[8.898,3.742],[10.262,-3.001],[7.389,-6.706],[-0.055,-1.648]],"v":[[53.542,-1.857],[42.249,-13.146],[9.173,-24.599],[1.189,-24.599],[-79.767,22.138],[-19.6,38.996],[13.161,38.998],[41.533,23.377],[54.378,2.879]],"c":true}]},{"i":{"x":0.833,"y":0.833},"o":{"x":0.167,"y":0.167},"t":253,"s":[{"i":[[1.953,0.195],[10.841,-1.774],[0,0],[2.213,-1.272],[0,0],[0,0],[-14.689,5.74],[-5.896,5.132],[3.605,2.205]],"o":[[-6.197,-0.619],[0,0],[0,0],[0,0],[0,0],[16.718,-4.109],[12.71,-4.967],[5.48,-4.77],[-1.412,-0.41]],"v":[[81.35,-35.63],[55.919,-36.1],[11.868,-27.518],[1.189,-24.599],[-79.767,22.138],[15.194,-0.195],[54.762,-11.375],[84.008,-25.573],[86.411,-34.727]],"c":true}]},{"i":{"x":0.833,"y":0.833},"o":{"x":0.167,"y":0.167},"t":253.6,"s":[{"i":[[1.46,1.154],[10.195,1.763],[0,0],[2.213,-1.272],[0,0],[0,0],[-16.275,3.063],[-8.626,5.869],[1.326,5.156]],"o":[[-4.621,-3.678],[0,0],[-1.072,-0.619],[0,0],[0,0],[15.477,1.875],[14.084,-2.653],[8.012,-5.441],[-0.854,-1.278]],"v":[[85.56,-7.701],[63.223,-16.116],[10.556,-26.097],[1.189,-24.599],[-79.767,22.138],[-5.701,25.295],[43.723,23.808],[79.243,11.531],[89.041,-4.048]],"c":true}]},{"i":{"x":0.833,"y":0.833},"o":{"x":0.167,"y":0.167},"t":255,"s":[{"i":[[1.245,1.572],[9.913,3.303],[0,0],[2.213,-1.272],[0,0],[0,0],[-16.966,1.897],[-9.814,6.19],[0.333,6.441]],"o":[[-3.935,-5.01],[0,0],[-1.539,-0.889],[0,0],[0,0],[14.937,4.48],[14.682,-1.645],[9.115,-5.733],[-0.612,-1.656]],"v":[[83.606,5.793],[62.769,-7],[9.985,-25.479],[1.189,-24.599],[-79.767,22.138],[-14.798,36.393],[35.13,40.46],[73.383,29.019],[86.4,10.643]],"c":true}]},{"i":{"x":0.833,"y":0.833},"o":{"x":0.167,"y":0.167},"t":257,"s":[{"i":[[1.031,1.99],[9.632,4.843],[0,0],[2.213,-1.272],[0,0],[0,0],[-17.656,0.732],[-11.003,6.51],[-0.659,7.726]],"o":[[-3.249,-6.342],[0,0],[-2.006,-1.158],[0,0],[0,0],[14.397,7.085],[15.28,-0.638],[10.218,-6.025],[-0.369,-2.034]],"v":[[81.653,19.286],[62.315,2.117],[9.414,-24.86],[1.189,-24.599],[-79.767,22.138],[-23.895,47.492],[26.538,57.111],[67.522,46.507],[83.758,25.334]],"c":true}]},{"i":{"x":0.833,"y":0.833},"o":{"x":0.167,"y":0.167},"t":259,"s":[{"i":[[0.961,2.124],[9.541,5.34],[0,0],[2.213,-1.272],[0,0],[0,0],[-17.879,0.355],[-11.387,6.614],[-0.979,8.141]],"o":[[-3.027,-6.772],[0,0],[-2.156,-1.245],[0,0],[0,0],[14.223,7.926],[15.473,-0.312],[10.574,-6.12],[-0.29,-2.156]],"v":[[81.022,23.642],[62.169,5.06],[9.229,-24.661],[1.189,-24.599],[-79.767,22.138],[-26.832,51.074],[23.764,62.487],[65.63,52.152],[82.906,30.076]],"c":true}]},{"i":{"x":0.03,"y":1},"o":{"x":0.167,"y":0.167},"t":261,"s":[{"i":[[1.031,1.99],[9.632,4.843],[0,0],[2.213,-1.272],[0,0],[0,0],[-17.656,0.732],[-11.003,6.51],[-0.659,7.726]],"o":[[-3.249,-6.342],[0,0],[-2.006,-1.158],[0,0],[0,0],[14.397,7.085],[15.28,-0.638],[10.218,-6.025],[-0.369,-2.034]],"v":[[81.653,19.286],[62.315,2.117],[9.414,-24.86],[1.189,-24.599],[-79.767,22.138],[-23.895,47.492],[26.538,57.111],[67.522,46.507],[83.758,25.334]],"c":true}]},{"t":263,"s":[{"i":[[0.94,2.166],[9.513,5.494],[0,0],[2.213,-1.272],[0,0],[0,0],[-17.948,0.239],[-11.505,6.646],[-1.078,8.269]],"o":[[-2.959,-6.905],[0,0],[-2.203,-1.272],[0,0],[0,0],[14.169,8.186],[15.533,-0.212],[10.684,-6.149],[-0.266,-2.194]],"v":[[80.828,24.987],[62.124,5.969],[9.173,-24.599],[1.189,-24.599],[-79.767,22.138],[-27.738,52.181],[22.908,64.147],[65.046,53.896],[82.642,31.541]],"c":true}]}],"ix":2},"nm":"Path 2","mn":"ADBE Vector Shape - Group","hd":false},{"ty":"fl","c":{"a":0,"k":[0.0314,0.3412,0.6275,1],"ix":4},"o":{"a":0,"k":100,"ix":5},"r":1,"bm":0,"nm":"Fill 2","mn":"ADBE Vector Graphic - Fill","hd":false},{"ind":4,"ty":"sh","ix":5,"ks":{"a":1,"k":[{"i":{"x":0.833,"y":0.833},"o":{"x":0.97,"y":0},"t":40.6,"s":[{"i":[[0,0],[0,0],[0,0],[0,0],[0.655,1.509],[9.513,5.494],[0,0],[2.213,-1.272],[0,0],[0.786,1.319],[0,0],[0,0],[0,0],[-1.102,-0.635],[0,0],[-17.948,0.24],[-11.505,6.656],[-0.001,9.267]],"o":[[0,0],[0,0],[0,0],[-0.33,-1.527],[-2.959,-6.905],[0,0],[-2.203,-1.272],[0,0],[-0.855,-0.763],[0,0],[0,0],[0,0],[0.001,0.834],[0,0],[14.169,8.186],[15.533,-0.203],[11.903,-6.842],[0,0]],"v":[[82.833,34.376],[82.831,28.742],[82.295,28.742],[82.295,29.546],[80.827,24.987],[62.123,5.969],[9.172,-24.6],[1.188,-24.6],[-79.768,22.138],[-82.342,19.302],[-82.342,24.978],[-82.342,24.98],[-82.342,24.979],[-80.689,27.282],[-27.739,57.851],[22.907,69.816],[65.045,59.565],[82.816,34.376]],"c":true}]},{"i":{"x":0.833,"y":0.833},"o":{"x":0.167,"y":0.167},"t":43,"s":[{"i":[[0,0],[0,0],[0,0],[0,0],[0.657,1.506],[9.516,5.477],[0.034,0.004],[2.213,-1.272],[0,0],[0.786,1.319],[0,0],[0,0],[0,0],[-1.102,-0.635],[0,0],[-17.941,0.253],[-11.492,6.653],[0.011,9.251]],"o":[[0,0],[0,0],[0,0],[-0.332,-1.524],[-2.966,-6.891],[0,0],[-2.204,-1.268],[0,0],[-0.855,-0.763],[0,0],[0,0],[0,0],[0.001,0.834],[0,0],[14.173,8.159],[15.527,-0.214],[11.89,-6.839],[0,0]],"v":[[82.865,34.213],[82.856,28.589],[82.32,28.589],[82.321,29.392],[80.848,24.842],[62.128,5.871],[9.177,-24.607],[1.188,-24.6],[-79.768,22.138],[-82.342,19.302],[-82.342,24.978],[-82.342,24.98],[-82.342,24.979],[-80.689,27.282],[-27.634,57.726],[23.007,69.633],[65.116,59.37],[82.848,34.213]],"c":true}]},{"i":{"x":0.833,"y":0.833},"o":{"x":0.167,"y":0.167},"t":46,"s":[{"i":[[0,0],[0,0],[0,0],[0,0],[0.67,1.48],[9.541,5.34],[0.319,0.041],[2.213,-1.272],[0,0],[0.786,1.319],[0,0],[0,0],[0,0],[-1.102,-0.635],[0,0],[-17.879,0.356],[-11.386,6.624],[0.105,9.115]],"o":[[0,0],[0,0],[0,0],[-0.346,-1.5],[-3.027,-6.772],[0,0],[-2.212,-1.234],[0,0],[-0.855,-0.763],[0,0],[0,0],[0,0],[0.001,0.834],[0,0],[14.21,7.936],[15.473,-0.304],[11.781,-6.81],[0,0]],"v":[[83.129,32.864],[83.062,27.322],[82.528,27.326],[82.537,28.116],[81.022,23.642],[62.169,5.06],[9.214,-24.661],[1.188,-24.6],[-79.768,22.138],[-82.342,19.302],[-82.342,24.978],[-82.342,24.98],[-82.342,24.979],[-80.689,27.282],[-26.767,56.694],[23.83,68.125],[65.695,57.76],[83.112,32.864]],"c":true}]},{"i":{"x":0.833,"y":0.833},"o":{"x":0.167,"y":0.167},"t":49,"s":[{"i":[[0,0],[0,0],[0,0],[0,0],[0.718,1.386],[9.632,4.843],[1.352,0.174],[2.213,-1.272],[0,0],[0.786,1.319],[0,0],[0,0],[0,0],[-1.102,-0.635],[0,0],[-17.656,0.732],[-11.001,6.521],[0.45,8.624]],"o":[[0,0],[0,0],[0,0],[-0.399,-1.412],[-3.249,-6.342],[0,0],[-2.24,-1.112],[0,0],[-0.855,-0.763],[0,0],[0,0],[0,0],[0.001,0.834],[0,0],[14.343,7.125],[15.281,-0.629],[11.384,-6.705],[0,0]],"v":[[84.084,27.967],[83.808,22.724],[83.281,22.739],[83.32,23.487],[81.653,19.286],[62.315,2.117],[9.347,-24.858],[1.188,-24.6],[-79.768,22.138],[-82.342,19.302],[-82.342,24.978],[-82.342,24.98],[-82.342,24.979],[-80.689,27.282],[-23.62,52.949],[26.818,62.648],[67.8,51.914],[84.068,27.967]],"c":true}]},{"i":{"x":0.833,"y":0.833},"o":{"x":0.167,"y":0.167},"t":51,"s":[{"i":[[0,0],[0,0],[0,0],[0,0],[0.868,1.095],[9.913,3.303],[4.552,0.586],[2.213,-1.272],[0,0],[0.786,1.319],[0,0],[0,0],[0,0],[-1.102,-0.635],[0,0],[-16.966,1.897],[-9.81,6.2],[1.517,7.103]],"o":[[0,0],[0,0],[0,0],[-0.563,-1.139],[-3.935,-5.01],[0,0],[-2.326,-0.733],[0,0],[-0.855,-0.763],[0,0],[0,0],[0,0],[0.001,0.834],[0,0],[14.754,4.612],[14.684,-1.638],[10.157,-6.381],[0,0]],"v":[[87.045,12.798],[86.12,8.48],[85.612,8.531],[85.744,9.147],[83.606,5.793],[62.769,-6.999],[9.76,-25.468],[1.188,-24.6],[-79.768,22.138],[-82.342,19.302],[-82.342,24.978],[-82.342,24.98],[-82.342,24.979],[-80.689,27.282],[-13.872,41.347],[36.074,45.684],[74.319,33.804],[87.029,12.8]],"c":true}]},{"i":{"x":0.833,"y":0.833},"o":{"x":0.167,"y":0.167},"t":54,"s":[{"i":[[0,0],[0,0],[0,0],[0,0],[1.017,0.804],[10.195,1.763],[7.752,0.998],[2.213,-1.272],[0,0],[0.786,1.319],[0,0],[0,0],[0,0],[-1.102,-0.635],[0,0],[-16.276,3.061],[-8.618,5.88],[2.585,5.582]],"o":[[0,0],[0,0],[0,0],[-0.727,-0.866],[-4.621,-3.678],[0,0],[-2.412,-0.354],[0,0],[-0.855,-0.763],[0,0],[0,0],[0,0],[0.001,0.834],[0,0],[15.165,2.1],[14.087,-2.647],[8.929,-6.057],[0,0]],"v":[[90.006,-2.371],[88.432,-5.764],[87.944,-5.677],[88.168,-5.193],[85.56,-7.701],[63.223,-16.116],[10.174,-26.078],[1.188,-24.6],[-79.768,22.138],[-82.342,19.302],[-82.342,24.978],[-82.342,24.98],[-82.342,24.979],[-80.689,27.282],[-4.123,29.745],[45.33,28.719],[80.838,15.694],[89.99,-2.368]],"c":true}]},{"i":{"x":0,"y":1},"o":{"x":0.73,"y":0},"t":55,"s":[{"i":[[0,0],[0,0],[0,0],[0,0],[1.361,0.136],[10.841,-1.774],[18.471,-3.647],[2.213,-1.272],[0,0],[0.786,1.319],[0,0],[0,0],[0,0],[-1.102,-0.635],[0,0],[-14.69,5.736],[-5.882,5.144],[5.036,2.089]],"o":[[0,0],[0,0],[0,0],[-1.102,-0.24],[-6.197,-0.619],[0,0],[-2.611,0.516],[0,0],[-0.855,-0.763],[0,0],[0,0],[0,0],[0.001,0.834],[0,0],[16.109,-3.671],[12.715,-4.965],[6.109,-5.312],[0,0]],"v":[[88.11,-34.149],[85.046,-35.418],[84.603,-35.248],[85.04,-35.067],[81.35,-35.63],[55.919,-36.1],[11.123,-27.479],[1.188,-24.6],[-79.768,22.138],[-82.342,19.302],[-82.342,24.978],[-82.342,24.98],[-82.342,24.979],[-80.689,27.282],[18.267,3.099],[57.893,-7.182],[87.114,-22.838],[88.096,-34.143]],"c":true}]},{"i":{"x":0,"y":1},"o":{"x":0.47,"y":0},"t":56,"s":[{"i":[[0,0],[0,0],[0,0],[0,0],[0.655,1.509],[9.513,5.494],[0,0],[2.213,-1.272],[0,0],[0.786,1.319],[0,0],[0,0],[0,0],[-1.102,-0.635],[0,0],[-17.948,0.24],[-11.505,6.656],[-0.001,9.267]],"o":[[0,0],[0,0],[0,0],[-0.33,-1.527],[-2.959,-6.905],[0,0],[-2.203,-1.272],[0,0],[-0.855,-0.763],[0,0],[0,0],[0,0],[0.001,0.834],[0,0],[14.169,8.186],[15.533,-0.203],[11.903,-6.842],[0,0]],"v":[[87.431,38.279],[87.429,32.645],[86.893,32.645],[86.893,33.449],[85.425,28.89],[66.721,9.872],[9.172,-24.6],[1.188,-24.6],[-79.768,22.138],[-82.342,19.302],[-82.342,24.978],[-82.342,24.98],[-82.342,24.979],[-80.689,27.282],[-23.141,61.754],[27.505,73.719],[69.643,63.468],[87.414,38.279]],"c":true}]},{"i":{"x":0,"y":1},"o":{"x":0.167,"y":0},"t":76.6,"s":[{"i":[[0,0],[0,0],[0,0],[0,0],[0.655,1.509],[9.513,5.494],[0,0],[2.213,-1.272],[0,0],[0.786,1.319],[0,0],[0,0],[0,0],[-1.102,-0.635],[0,0],[-17.948,0.24],[-11.505,6.656],[-0.001,9.267]],"o":[[0,0],[0,0],[0,0],[-0.33,-1.527],[-2.959,-6.905],[0,0],[-2.203,-1.272],[0,0],[-0.855,-0.763],[0,0],[0,0],[0,0],[0.001,0.834],[0,0],[14.169,8.186],[15.533,-0.203],[11.903,-6.842],[0,0]],"v":[[82.833,34.376],[82.831,28.742],[82.295,28.742],[82.295,29.546],[80.827,24.987],[62.123,5.969],[9.172,-24.6],[1.188,-24.6],[-79.768,22.138],[-82.342,19.302],[-82.342,24.978],[-82.342,24.98],[-82.342,24.979],[-80.689,27.282],[-27.739,57.851],[22.907,69.816],[65.045,59.565],[82.816,34.376]],"c":true}]},{"i":{"x":0.833,"y":0.833},"o":{"x":1,"y":0},"t":231,"s":[{"i":[[0,0],[0,0],[0,0],[0,0],[0.655,1.509],[9.513,5.494],[0,0],[2.213,-1.272],[0,0],[0.786,1.319],[0,0],[0,0],[0,0],[-1.102,-0.635],[0,0],[-17.948,0.24],[-11.505,6.656],[-0.001,9.267]],"o":[[0,0],[0,0],[0,0],[-0.33,-1.527],[-2.959,-6.905],[0,0],[-2.203,-1.272],[0,0],[-0.855,-0.763],[0,0],[0,0],[0,0],[0.001,0.834],[0,0],[14.169,8.186],[15.533,-0.203],[11.903,-6.842],[0,0]],"v":[[82.833,34.376],[82.831,28.742],[82.295,28.742],[82.295,29.546],[80.827,24.987],[62.123,5.969],[9.172,-24.6],[1.188,-24.6],[-79.768,22.138],[-82.342,19.302],[-82.342,24.978],[-82.342,24.98],[-82.342,24.979],[-80.689,27.282],[-27.739,57.851],[22.907,69.816],[65.045,59.565],[82.816,34.376]],"c":true}]},{"i":{"x":0.27,"y":1},"o":{"x":0.167,"y":0.167},"t":252,"s":[{"i":[[0,0],[0,0],[0,0],[0,0],[0.344,1.049],[5.974,2.511],[0,0],[2.213,-1.272],[0,0],[0.786,1.319],[0,0],[0,0],[0,0],[-1.102,-0.635],[0,0],[-11.858,3.46],[-7.959,7.247],[-0.512,7.165]],"o":[[0,0],[0,0],[0,0],[-0.133,-1.12],[-1.572,-4.798],[0,0],[-2.203,-1.272],[0,0],[-0.855,-0.763],[0,0],[0,0],[0,0],[0.001,0.834],[0,0],[8.898,3.742],[10.261,-2.994],[8.232,-7.464],[0,0]],"v":[[54.348,5.036],[54.657,0.68],[54.303,0.778],[54.259,1.4],[53.542,-1.857],[42.248,-13.146],[9.172,-24.6],[1.188,-24.6],[-79.768,22.138],[-82.342,19.302],[-82.342,24.978],[-82.342,24.98],[-82.342,24.979],[-80.689,27.282],[-19.912,43.38],[12.848,43.382],[41.22,27.76],[54.337,5.039]],"c":true}]},{"i":{"x":0.833,"y":0.833},"o":{"x":0.167,"y":0.167},"t":253,"s":[{"i":[[0,0],[0,0],[0,0],[0,0],[1.361,0.136],[10.841,-1.774],[18.471,-3.647],[2.213,-1.272],[0,0],[0.786,1.319],[0,0],[0,0],[0,0],[-1.102,-0.635],[0,0],[-14.69,5.736],[-5.882,5.144],[5.036,2.089]],"o":[[0,0],[0,0],[0,0],[-1.102,-0.24],[-6.197,-0.619],[0,0],[-2.611,0.516],[0,0],[-0.855,-0.763],[0,0],[0,0],[0,0],[0.001,0.834],[0,0],[16.109,-3.671],[12.715,-4.965],[6.109,-5.312],[0,0]],"v":[[88.11,-34.149],[85.046,-35.418],[84.603,-35.248],[85.04,-35.067],[81.35,-35.63],[55.919,-36.1],[11.123,-27.479],[1.188,-24.6],[-79.768,22.138],[-82.342,19.302],[-82.342,24.978],[-82.342,24.98],[-82.342,24.979],[-80.689,27.282],[18.267,3.099],[57.893,-7.182],[87.114,-22.838],[88.096,-34.143]],"c":true}]},{"i":{"x":0.833,"y":0.833},"o":{"x":0.167,"y":0.167},"t":253.6,"s":[{"i":[[0,0],[0,0],[0,0],[0,0],[1.017,0.804],[10.195,1.763],[7.752,0.998],[2.213,-1.272],[0,0],[0.786,1.319],[0,0],[0,0],[0,0],[-1.102,-0.635],[0,0],[-16.276,3.061],[-8.618,5.88],[2.585,5.582]],"o":[[0,0],[0,0],[0,0],[-0.727,-0.866],[-4.621,-3.678],[0,0],[-2.412,-0.354],[0,0],[-0.855,-0.763],[0,0],[0,0],[0,0],[0.001,0.834],[0,0],[15.165,2.1],[14.087,-2.647],[8.929,-6.057],[0,0]],"v":[[90.006,-2.371],[88.432,-5.764],[87.944,-5.677],[88.168,-5.193],[85.56,-7.701],[63.223,-16.116],[10.174,-26.078],[1.188,-24.6],[-79.768,22.138],[-82.342,19.302],[-82.342,24.978],[-82.342,24.98],[-82.342,24.979],[-80.689,27.282],[-4.123,29.745],[45.33,28.719],[80.838,15.694],[89.99,-2.368]],"c":true}]},{"i":{"x":0.833,"y":0.833},"o":{"x":0.167,"y":0.167},"t":255,"s":[{"i":[[0,0],[0,0],[0,0],[0,0],[0.868,1.095],[9.913,3.303],[4.552,0.586],[2.213,-1.272],[0,0],[0.786,1.319],[0,0],[0,0],[0,0],[-1.102,-0.635],[0,0],[-16.966,1.897],[-9.81,6.2],[1.517,7.103]],"o":[[0,0],[0,0],[0,0],[-0.563,-1.139],[-3.935,-5.01],[0,0],[-2.326,-0.733],[0,0],[-0.855,-0.763],[0,0],[0,0],[0,0],[0.001,0.834],[0,0],[14.754,4.612],[14.684,-1.638],[10.157,-6.381],[0,0]],"v":[[87.045,12.798],[86.12,8.48],[85.612,8.531],[85.744,9.147],[83.606,5.793],[62.769,-6.999],[9.76,-25.468],[1.188,-24.6],[-79.768,22.138],[-82.342,19.302],[-82.342,24.978],[-82.342,24.98],[-82.342,24.979],[-80.689,27.282],[-13.872,41.347],[36.074,45.684],[74.319,33.804],[87.029,12.8]],"c":true}]},{"i":{"x":0.833,"y":0.833},"o":{"x":0.167,"y":0.167},"t":257,"s":[{"i":[[0,0],[0,0],[0,0],[0,0],[0.718,1.386],[9.632,4.843],[1.352,0.174],[2.213,-1.272],[0,0],[0.786,1.319],[0,0],[0,0],[0,0],[-1.102,-0.635],[0,0],[-17.656,0.732],[-11.001,6.521],[0.45,8.624]],"o":[[0,0],[0,0],[0,0],[-0.399,-1.412],[-3.249,-6.342],[0,0],[-2.24,-1.112],[0,0],[-0.855,-0.763],[0,0],[0,0],[0,0],[0.001,0.834],[0,0],[14.343,7.125],[15.281,-0.629],[11.384,-6.705],[0,0]],"v":[[84.084,27.967],[83.808,22.724],[83.281,22.739],[83.32,23.487],[81.653,19.286],[62.315,2.117],[9.347,-24.858],[1.188,-24.6],[-79.768,22.138],[-82.342,19.302],[-82.342,24.978],[-82.342,24.98],[-82.342,24.979],[-80.689,27.282],[-23.62,52.949],[26.818,62.648],[67.8,51.914],[84.068,27.967]],"c":true}]},{"i":{"x":0.833,"y":0.833},"o":{"x":0.167,"y":0.167},"t":259,"s":[{"i":[[0,0],[0,0],[0,0],[0,0],[0.67,1.48],[9.541,5.34],[0.319,0.041],[2.213,-1.272],[0,0],[0.786,1.319],[0,0],[0,0],[0,0],[-1.102,-0.635],[0,0],[-17.879,0.356],[-11.386,6.624],[0.105,9.115]],"o":[[0,0],[0,0],[0,0],[-0.346,-1.5],[-3.027,-6.772],[0,0],[-2.212,-1.234],[0,0],[-0.855,-0.763],[0,0],[0,0],[0,0],[0.001,0.834],[0,0],[14.21,7.936],[15.473,-0.304],[11.781,-6.81],[0,0]],"v":[[83.129,32.864],[83.062,27.322],[82.528,27.326],[82.537,28.116],[81.022,23.642],[62.169,5.06],[9.214,-24.661],[1.188,-24.6],[-79.768,22.138],[-82.342,19.302],[-82.342,24.978],[-82.342,24.98],[-82.342,24.979],[-80.689,27.282],[-26.767,56.694],[23.83,68.125],[65.695,57.76],[83.112,32.864]],"c":true}]},{"i":{"x":0.03,"y":1},"o":{"x":0.167,"y":0.167},"t":261,"s":[{"i":[[0,0],[0,0],[0,0],[0,0],[0.718,1.386],[9.632,4.843],[1.352,0.174],[2.213,-1.272],[0,0],[0.786,1.319],[0,0],[0,0],[0,0],[-1.102,-0.635],[0,0],[-17.656,0.732],[-11.001,6.521],[0.45,8.624]],"o":[[0,0],[0,0],[0,0],[-0.399,-1.412],[-3.249,-6.342],[0,0],[-2.24,-1.112],[0,0],[-0.855,-0.763],[0,0],[0,0],[0,0],[0.001,0.834],[0,0],[14.343,7.125],[15.281,-0.629],[11.384,-6.705],[0,0]],"v":[[84.084,27.967],[83.808,22.724],[83.281,22.739],[83.32,23.487],[81.653,19.286],[62.315,2.117],[9.347,-24.858],[1.188,-24.6],[-79.768,22.138],[-82.342,19.302],[-82.342,24.978],[-82.342,24.98],[-82.342,24.979],[-80.689,27.282],[-23.62,52.949],[26.818,62.648],[67.8,51.914],[84.068,27.967]],"c":true}]},{"t":263,"s":[{"i":[[0,0],[0,0],[0,0],[0,0],[0.655,1.509],[9.513,5.494],[0,0],[2.213,-1.272],[0,0],[0.786,1.319],[0,0],[0,0],[0,0],[-1.102,-0.635],[0,0],[-17.948,0.24],[-11.505,6.656],[-0.001,9.267]],"o":[[0,0],[0,0],[0,0],[-0.33,-1.527],[-2.959,-6.905],[0,0],[-2.203,-1.272],[0,0],[-0.855,-0.763],[0,0],[0,0],[0,0],[0.001,0.834],[0,0],[14.169,8.186],[15.533,-0.203],[11.903,-6.842],[0,0]],"v":[[82.833,34.376],[82.831,28.742],[82.295,28.742],[82.295,29.546],[80.827,24.987],[62.123,5.969],[9.172,-24.6],[1.188,-24.6],[-79.768,22.138],[-82.342,19.302],[-82.342,24.978],[-82.342,24.98],[-82.342,24.979],[-80.689,27.282],[-27.739,57.851],[22.907,69.816],[65.045,59.565],[82.816,34.376]],"c":true}]}],"ix":2},"nm":"Path 3","mn":"ADBE Vector Shape - Group","hd":false},{"ty":"fl","c":{"a":0,"k":[0.1458,0.1811,0.2142,1],"ix":4},"o":{"a":0,"k":100,"ix":5},"r":1,"bm":0,"nm":"Fill 3","mn":"ADBE Vector Graphic - Fill","hd":false},{"ty":"tr","p":{"a":1,"k":[{"i":{"x":0.833,"y":0.833},"o":{"x":0.167,"y":0.167},"t":40.6,"s":[198.931,216.238],"to":[0,0],"ti":[0,0]},{"i":{"x":0,"y":1},"o":{"x":0.73,"y":0},"t":55,"s":[198.931,216.238],"to":[-0.667,0],"ti":[0.667,0]},{"i":{"x":0,"y":0},"o":{"x":0.47,"y":0.47},"t":56,"s":[194.931,216.238],"to":[0,0],"ti":[0,0]},{"i":{"x":0,"y":0},"o":{"x":0.167,"y":0.167},"t":76.6,"s":[194.931,216.238],"to":[0,0],"ti":[0,0]},{"i":{"x":0.833,"y":0.833},"o":{"x":1,"y":1},"t":231,"s":[194.931,216.238],"to":[0,0],"ti":[0,0]},{"i":{"x":0.27,"y":1},"o":{"x":0.167,"y":0.167},"t":252,"s":[194.931,216.238],"to":[0,0],"ti":[-0.667,0]},{"i":{"x":0.833,"y":0.833},"o":{"x":0.167,"y":0.167},"t":253,"s":[198.931,216.238],"to":[0,0],"ti":[0,0]},{"t":263,"s":[198.931,216.238]}],"ix":2},"a":{"a":0,"k":[-38,-6.5],"ix":1},"s":{"a":1,"k":[{"i":{"x":[0.833,0.833],"y":[0.833,0.833]},"o":{"x":[0.167,0.167],"y":[0.167,0.167]},"t":40.6,"s":[-100,100]},{"i":{"x":[0,0],"y":[1,1]},"o":{"x":[0.73,0.73],"y":[0,0]},"t":55,"s":[-100,100]},{"i":{"x":[0.298,0.298],"y":[1,1]},"o":{"x":[0.69,0.69],"y":[0,0]},"t":56,"s":[100,100]},{"i":{"x":[0.537,0.537],"y":[1,1]},"o":{"x":[0.221,0.221],"y":[0,0]},"t":67,"s":[92,77]},{"i":{"x":[0,0],"y":[1,1]},"o":{"x":[0.167,0.167],"y":[0,0]},"t":76.6,"s":[100,100]},{"i":{"x":[0.833,0.833],"y":[1,1]},"o":{"x":[1,1],"y":[0,0]},"t":231,"s":[100,100]},{"i":{"x":[0.27,0.27],"y":[1,1]},"o":{"x":[0.167,0.167],"y":[0.167,0]},"t":252,"s":[100,100]},{"i":{"x":[0.833,0.833],"y":[0.833,0.833]},"o":{"x":[0.167,0.167],"y":[0.167,0.167]},"t":253,"s":[-100,100]},{"t":263,"s":[-100,100]}],"ix":3},"r":{"a":1,"k":[{"i":{"x":[0.833],"y":[0.833]},"o":{"x":[0.167],"y":[0.167]},"t":40.6,"s":[120]},{"i":{"x":[0],"y":[1]},"o":{"x":[0.73],"y":[0]},"t":55,"s":[120]},{"i":{"x":[0],"y":[1]},"o":{"x":[0.47],"y":[0]},"t":56,"s":[0]},{"i":{"x":[0],"y":[1]},"o":{"x":[0.167],"y":[0]},"t":76.6,"s":[0]},{"i":{"x":[0.833],"y":[1]},"o":{"x":[1],"y":[0]},"t":231,"s":[0]},{"i":{"x":[0.27],"y":[1]},"o":{"x":[0.167],"y":[0.167]},"t":252,"s":[0]},{"i":{"x":[0.833],"y":[0.833]},"o":{"x":[0.167],"y":[0.167]},"t":253,"s":[120]},{"t":263,"s":[120]}],"ix":6},"o":{"a":0,"k":100,"ix":7},"sk":{"a":1,"k":[{"i":{"x":[0.833],"y":[0.833]},"o":{"x":[0.167],"y":[0.167]},"t":40.6,"s":[0]},{"i":{"x":[0],"y":[1]},"o":{"x":[0.73],"y":[0]},"t":55,"s":[0]},{"i":{"x":[0.298],"y":[0.894]},"o":{"x":[0.69],"y":[0]},"t":56,"s":[8]},{"i":{"x":[0.537],"y":[1]},"o":{"x":[0.221],"y":[-0.048]},"t":67,"s":[-12.044]},{"i":{"x":[0],"y":[1]},"o":{"x":[0.167],"y":[0]},"t":76.6,"s":[0]},{"i":{"x":[0.833],"y":[0.833]},"o":{"x":[1],"y":[0]},"t":231,"s":[0]},{"i":{"x":[0.27],"y":[1]},"o":{"x":[0.167],"y":[0.167]},"t":252,"s":[-41]},{"i":{"x":[0.833],"y":[0.833]},"o":{"x":[0.167],"y":[0.167]},"t":253,"s":[0]},{"t":263,"s":[0]}],"ix":4},"sa":{"a":1,"k":[{"i":{"x":[0.833],"y":[0.833]},"o":{"x":[0.167],"y":[0.167]},"t":40.6,"s":[0]},{"i":{"x":[0],"y":[1]},"o":{"x":[0.73],"y":[0]},"t":55,"s":[18]},{"i":{"x":[0.298],"y":[1.237]},"o":{"x":[0.69],"y":[0]},"t":56,"s":[45]},{"i":{"x":[0.537],"y":[1]},"o":{"x":[0.221],"y":[0.034]},"t":67,"s":[64.03]},{"i":{"x":[0],"y":[1]},"o":{"x":[0.167],"y":[0]},"t":76.6,"s":[28]},{"i":{"x":[0.833],"y":[1]},"o":{"x":[1],"y":[0]},"t":231,"s":[28]},{"i":{"x":[0.27],"y":[1]},"o":{"x":[0.167],"y":[0.167]},"t":252,"s":[28]},{"i":{"x":[0.833],"y":[0.833]},"o":{"x":[0.167],"y":[0.167]},"t":253,"s":[18]},{"t":263,"s":[0]}],"ix":5},"nm":"Transform"}],"nm":"Group 6","np":6,"cix":2,"bm":0,"ix":3,"mn":"ADBE Vector Group","hd":false},{"ty":"gr","it":[{"ind":0,"ty":"sh","ix":1,"ks":{"a":0,"k":{"i":[[0,-18.842],[0,0],[0,0],[-0.083,0.203],[-14.52,8.352],[-5.162,0]],"o":[[0,0],[0,0],[0.074,-0.203],[7.946,-19.847],[5.955,-3.448],[13.099,0]],"v":[[40.321,-39.773],[40.321,23.309],[-33.777,-19.483],[-33.537,-20.101],[2.323,-65.133],[19.082,-70.323]],"c":true},"ix":2},"nm":"Path 3","mn":"ADBE Vector Shape - Group","hd":false},{"ty":"fl","c":{"a":0,"k":[0.1458,0.1811,0.2142,1],"ix":4},"o":{"a":0,"k":100,"ix":5},"r":1,"bm":0,"nm":"Fill 2","mn":"ADBE Vector Graphic - Fill","hd":false},{"ind":2,"ty":"sh","ix":3,"ks":{"a":0,"k":{"i":[[0.661,-0.382],[0,0],[0,0.764],[0,0],[-4.278,10.859],[-0.083,0.203],[-2.028,3.715],[-11.588,6.665],[-5.162,0],[-2.599,-1.383],[0,-14.142],[0,0]],"o":[[0,0],[-0.661,0.382],[0,0],[0,-9.827],[0.073,-0.203],[1.604,-4.01],[7.946,-14.694],[5.955,-3.448],[3.264,0],[7.836,4.176],[0,0],[0,0.763]],"v":[[39.124,24],[-39.124,69.18],[-40.321,68.488],[-40.321,12.108],[-33.776,-19.483],[-33.537,-20.1],[-28.079,-31.707],[2.323,-65.133],[19.082,-70.323],[27.904,-68.211],[40.321,-39.772],[40.321,21.927]],"c":true},"ix":2},"nm":"Path 1","mn":"ADBE Vector Shape - Group","hd":false},{"ind":3,"ty":"sh","ix":4,"ks":{"a":0,"k":{"i":[[9.181,4.821],[11.513,-6.656],[8.186,-15.459],[1.493,-3.734],[0,-10.988],[0,0],[-0.231,0.018],[-0.922,0.534],[0,0],[-0.129,0.091],[-0.489,0.626],[0,0.01],[0,1.668],[0,0]],"o":[[-7.947,-4.167],[-12.916,7.43],[-1.889,3.568],[-4.499,11.209],[0,0],[0.231,0],[1.207,-0.083],[0,0],[0.138,-0.083],[0.599,-0.416],[0.009,0],[1.162,-1.466],[0,0],[0,-16.363]],"v":[[29.969,-72.341],[0.019,-69.125],[-32.726,-32.794],[-37.814,-21.814],[-44.931,12.108],[-44.931,76.508],[-44.239,76.481],[-40.939,75.55],[40.939,28.277],[41.345,28.021],[42.995,26.426],[43.004,26.406],[44.931,21.365],[44.931,-39.772]],"c":true},"ix":2},"nm":"Path 2","mn":"ADBE Vector Shape - Group","hd":false},{"ty":"fl","c":{"a":0,"k":[0.0314,0.3412,0.6275,1],"ix":4},"o":{"a":0,"k":100,"ix":5},"r":1,"bm":0,"nm":"Fill 1","mn":"ADBE Vector Graphic - Fill","hd":false},{"ind":5,"ty":"sh","ix":6,"ks":{"a":0,"k":{"i":[[0.405,-0.719],[0.009,0],[0.793,-0.507],[0.137,-0.083],[0,0],[1.207,-0.083],[0.231,0],[0,0],[-4.498,11.21],[0,0],[0,0],[0,0],[-1.272,-0.729]],"o":[[0,0.009],[-0.295,0.525],[-0.129,0.092],[0,0],[-0.922,0.534],[-0.231,0.018],[0,0],[0,-10.989],[0,0],[0,0],[0,0],[0,0],[0.683,0.396]],"v":[[43.004,26.407],[42.995,26.426],[41.345,28.02],[40.94,28.278],[-40.939,75.551],[-44.239,76.482],[-44.931,76.509],[-44.931,12.109],[-37.814,-21.815],[-33.776,-19.483],[-4.747,-2.723],[40.321,23.309],[42.626,24.637]],"c":true},"ix":2},"nm":"Path 4","mn":"ADBE Vector Shape - Group","hd":false},{"ty":"fl","c":{"a":0,"k":[0.2132,0.2616,0.3068,1],"ix":4},"o":{"a":0,"k":100,"ix":5},"r":1,"bm":0,"nm":"Fill 3","mn":"ADBE Vector Graphic - Fill","hd":false},{"ind":7,"ty":"sh","ix":8,"ks":{"a":0,"k":{"i":[[0,0],[0,-47.412],[-0.009,-3.722],[-0.498,0],[-0.23,0.018],[0,0],[0,0],[0,0],[0,0]],"o":[[-10.022,3.718],[0,39.852],[0.484,0.076],[0.23,0],[0,0],[0,0],[0,0],[0,0],[0,0]],"v":[[0.019,-69.125],[-46.46,12.113],[-46.404,76.38],[-44.93,76.508],[-44.24,76.481],[-40.322,68.618],[-4.747,-2.724],[5.762,-23.806],[8.169,-28.635]],"c":true},"ix":2},"nm":"Path 5","mn":"ADBE Vector Shape - Group","hd":false},{"ty":"fl","c":{"a":0,"k":[0.2132,0.2616,0.3068,1],"ix":4},"o":{"a":0,"k":100,"ix":5},"r":1,"bm":0,"nm":"Fill 4","mn":"ADBE Vector Graphic - Fill","hd":false},{"ind":9,"ty":"sh","ix":10,"ks":{"a":0,"k":{"i":[[0,0],[0,0],[0,0],[11.762,-6.793],[0,-30.55],[0,0],[-2.204,-1.272],[0,0],[-1.448,0],[-0.23,0.018],[0,0],[0,0],[0,0],[0,0],[0,0]],"o":[[0,0],[0,0],[-8.011,-4.499],[-24.825,14.335],[0,0],[0,2.545],[0,0],[1.098,0.636],[0.23,0],[0,0],[0,0],[0,0],[0,0],[0,0],[0,0]],"v":[[29.969,-72.351],[-119.287,-158.701],[-119.314,-158.636],[-149.772,-155.788],[-194.712,-74.527],[-194.712,-13.381],[-190.72,-6.467],[-48.923,75.55],[-44.93,76.508],[-44.239,76.481],[-40.321,68.618],[-4.747,-2.724],[5.762,-23.807],[27.905,-68.212],[29.969,-72.342]],"c":true},"ix":2},"nm":"Path 6","mn":"ADBE Vector Shape - Group","hd":false},{"ty":"fl","c":{"a":0,"k":[0.0314,0.3412,0.6275,1],"ix":4},"o":{"a":0,"k":100,"ix":5},"r":1,"bm":0,"nm":"Fill 5","mn":"ADBE Vector Graphic - Fill","hd":false},{"ty":"tr","p":{"a":0,"k":[194.962,163.385],"ix":2},"a":{"a":0,"k":[0,0],"ix":1},"s":{"a":0,"k":[100,100],"ix":3},"r":{"a":0,"k":0,"ix":6},"o":{"a":0,"k":100,"ix":7},"sk":{"a":0,"k":0,"ix":4},"sa":{"a":0,"k":0,"ix":5},"nm":"Transform"}],"nm":"Group 9","np":11,"cix":2,"bm":0,"ix":4,"mn":"ADBE Vector Group","hd":false},{"ty":"tr","p":{"a":0,"k":[97.5,184.25],"ix":2},"a":{"a":0,"k":[97.5,184.25],"ix":1},"s":{"a":1,"k":[{"i":{"x":[0,0],"y":[1,1]},"o":{"x":[0.301,0.301],"y":[0,0]},"t":14,"s":[100,100]},{"i":{"x":[0.667,0.667],"y":[1,1]},"o":{"x":[0.333,0.333],"y":[0,0]},"t":44,"s":[92.882,92.882]},{"i":{"x":[0.667,0.667],"y":[1,1]},"o":{"x":[0.333,0.333],"y":[0,0]},"t":54,"s":[104.399,104.399]},{"i":{"x":[0.667,0.667],"y":[1,1]},"o":{"x":[0.333,0.333],"y":[0,0]},"t":63,"s":[98.5,98.5]},{"i":{"x":[0.56,0.56],"y":[1,1]},"o":{"x":[0.333,0.333],"y":[0,0]},"t":72,"s":[101,101]},{"t":92,"s":[100,100]}],"ix":3},"r":{"a":1,"k":[{"i":{"x":[0],"y":[1]},"o":{"x":[0.301],"y":[0]},"t":14,"s":[0]},{"i":{"x":[0.667],"y":[0.938]},"o":{"x":[0.333],"y":[0]},"t":44,"s":[-27.731]},{"i":{"x":[0.667],"y":[1]},"o":{"x":[0.333],"y":[-0.129]},"t":54,"s":[10.924]},{"i":{"x":[0.667],"y":[1]},"o":{"x":[0.333],"y":[0]},"t":63,"s":[-5.842]},{"i":{"x":[0.4],"y":[1]},"o":{"x":[0.333],"y":[0]},"t":72,"s":[3.845]},{"t":92,"s":[0]}],"ix":6},"o":{"a":0,"k":100,"ix":7},"sk":{"a":0,"k":0,"ix":4},"sa":{"a":0,"k":0,"ix":5},"nm":"Transform"}],"nm":"Group 10","np":4,"cix":2,"bm":0,"ix":1,"mn":"ADBE Vector Group","hd":false},{"ty":"tr","p":{"a":0,"k":[99.813,301.938],"ix":2},"a":{"a":0,"k":[99.813,301.938],"ix":1},"s":{"a":0,"k":[100,100],"ix":3},"r":{"a":1,"k":[{"i":{"x":[0],"y":[1]},"o":{"x":[0.301],"y":[0]},"t":14,"s":[0]},{"i":{"x":[0.667],"y":[1]},"o":{"x":[0.333],"y":[0]},"t":44,"s":[-25.026]},{"i":{"x":[0.667],"y":[1]},"o":{"x":[0.333],"y":[0]},"t":54,"s":[18.065]},{"i":{"x":[0.667],"y":[1]},"o":{"x":[0.333],"y":[0]},"t":63,"s":[-4.418]},{"i":{"x":[0.56],"y":[1]},"o":{"x":[0.333],"y":[0]},"t":72,"s":[1.436]},{"t":92,"s":[0]}],"ix":6},"o":{"a":0,"k":100,"ix":7},"sk":{"a":0,"k":0,"ix":4},"sa":{"a":0,"k":0,"ix":5},"nm":"Transform"}],"nm":"Group 16","np":1,"cix":2,"bm":0,"ix":1,"mn":"ADBE Vector Group","hd":false},{"ty":"gr","it":[{"ind":0,"ty":"sh","ix":1,"ks":{"a":1,"k":[{"i":{"x":0,"y":1},"o":{"x":0.333,"y":0},"t":14,"s":[{"i":[[0,0],[0,0],[2.361,-1.363],[4.723,2.727],[0,1.786],[0,0]],"o":[[0,0],[0,1.786],[-4.723,2.727],[-2.361,-1.363],[0,0],[0,0]],"v":[[12.097,-41.845],[12.089,87.207],[8.547,92.143],[-8.556,92.143],[-12.097,87.207],[-12.089,-41.845]],"c":true}]},{"i":{"x":0.833,"y":0.833},"o":{"x":0.333,"y":0},"t":44,"s":[{"i":[[-4.967,-2.701],[0,0],[2.361,-1.363],[4.723,2.727],[0,1.786],[33.213,24.494]],"o":[[33.433,18.182],[0,1.786],[-4.723,2.727],[-2.361,-1.363],[0,0],[-4.551,-3.356]],"v":[[-22.97,-25.013],[12.089,87.207],[8.547,92.143],[-8.556,92.143],[-12.097,87.207],[-47.156,-25.013]],"c":true}]},{"i":{"x":0.833,"y":0.833},"o":{"x":0.167,"y":0.167},"t":54,"s":[{"i":[[6.865,-1.645],[0,0],[2.361,-1.363],[4.723,2.727],[0,1.786],[-55.862,13.41]],"o":[[-58.048,13.91],[0,1.786],[-4.723,2.727],[-2.361,-1.363],[0,0],[6.864,-1.648]],"v":[[61.316,-6.83],[12.089,87.207],[8.547,92.143],[-8.556,92.143],[-12.097,87.207],[44.13,-18.33]],"c":true}]},{"i":{"x":0.833,"y":0.833},"o":{"x":0.167,"y":0.167},"t":63,"s":[{"i":[[-0.258,-0.69],[0,0],[2.361,-1.363],[4.723,2.727],[0,1.786],[2.426,6.981]],"o":[[2.24,5.981],[0,1.786],[-4.723,2.727],[-2.361,-1.363],[0,0],[-0.242,-0.696]],"v":[[7.527,-39.652],[12.089,87.207],[8.547,92.143],[-8.556,92.143],[-12.097,87.207],[-16.659,-39.652]],"c":true}]},{"i":{"x":0.56,"y":1},"o":{"x":0.167,"y":0.167},"t":72,"s":[{"i":[[1.57,-0.376],[0,0],[2.361,-1.363],[4.723,2.727],[0,1.786],[-12.772,3.066]],"o":[[-13.272,3.18],[0,1.786],[-4.723,2.727],[-2.361,-1.363],[0,0],[1.569,-0.377]],"v":[[23.35,-33.84],[12.089,87.207],[8.547,92.143],[-8.556,92.143],[-12.097,87.207],[0.764,-36.469]],"c":true}]},{"t":92,"s":[{"i":[[0,0],[0,0],[2.361,-1.363],[4.723,2.727],[0,1.786],[0,0]],"o":[[0,0],[0,1.786],[-4.723,2.727],[-2.361,-1.363],[0,0],[0,0]],"v":[[12.097,-41.845],[12.089,87.207],[8.547,92.143],[-8.556,92.143],[-12.097,87.207],[-12.089,-41.845]],"c":true}]}],"ix":2},"nm":"Path 2","mn":"ADBE Vector Shape - Group","hd":false},{"ty":"fl","c":{"a":0,"k":[0.2132,0.2616,0.3068,1],"ix":4},"o":{"a":0,"k":100,"ix":5},"r":1,"bm":0,"nm":"Fill 2","mn":"ADBE Vector Graphic - Fill","hd":false},{"ty":"tr","p":{"a":0,"k":[99.342,216.266],"ix":2},"a":{"a":0,"k":[0,0],"ix":1},"s":{"a":0,"k":[100,100],"ix":3},"r":{"a":0,"k":0,"ix":6},"o":{"a":0,"k":100,"ix":7},"sk":{"a":0,"k":0,"ix":4},"sa":{"a":0,"k":0,"ix":5},"nm":"Transform"}],"nm":"Group 13","np":2,"cix":2,"bm":0,"ix":2,"mn":"ADBE Vector Group","hd":false},{"ty":"gr","it":[{"ind":0,"ty":"sh","ix":1,"ks":{"a":0,"k":{"i":[[18.35,10.594],[18.349,-10.594],[-18.35,-10.594],[-18.349,10.594]],"o":[[-18.349,-10.594],[-18.35,10.595],[18.349,10.594],[18.35,-10.594]],"v":[[33.225,-19.182],[-33.224,-19.182],[-33.224,19.183],[33.225,19.183]],"c":true},"ix":2},"nm":"Path 1","mn":"ADBE Vector Shape - Group","hd":false},{"ty":"fl","c":{"a":0,"k":[0.0314,0.3412,0.6275,1],"ix":4},"o":{"a":0,"k":100,"ix":5},"r":1,"bm":0,"nm":"Fill 1","mn":"ADBE Vector Graphic - Fill","hd":false},{"ind":2,"ty":"sh","ix":3,"ks":{"a":0,"k":{"i":[[0,0],[-9.215,-5.321],[-18.35,10.595],[0.147,7.051],[0,0],[0,0],[5.851,3.379],[18.35,-10.594],[2.119,-4.29],[0,0]],"o":[[-0.042,6.973],[18.35,10.594],[9.32,-5.38],[0,0],[0,0],[-2.119,-4.29],[-18.35,-10.594],[-5.852,3.379],[0,0],[0,0]],"v":[[-46.979,7.371],[-33.225,26.646],[33.225,26.645],[46.959,7.136],[46.959,0],[45.162,0],[33.225,-11.719],[-33.225,-11.719],[-45.162,0],[-46.979,0]],"c":true},"ix":2},"nm":"Path 2","mn":"ADBE Vector Shape - Group","hd":false},{"ty":"fl","c":{"a":0,"k":[0.1458,0.1811,0.2142,1],"ix":4},"o":{"a":0,"k":100,"ix":5},"r":1,"bm":0,"nm":"Fill 2","mn":"ADBE Vector Graphic - Fill","hd":false},{"ty":"tr","p":{"a":0,"k":[99.338,306.69],"ix":2},"a":{"a":0,"k":[0,0],"ix":1},"s":{"a":0,"k":[100,100],"ix":3},"r":{"a":0,"k":0,"ix":6},"o":{"a":0,"k":100,"ix":7},"sk":{"a":0,"k":0,"ix":4},"sa":{"a":0,"k":0,"ix":5},"nm":"Transform"}],"nm":"Group 15","np":4,"cix":2,"bm":0,"ix":3,"mn":"ADBE Vector Group","hd":false}],"ip":-20,"op":533.4,"st":-9,"bm":0},{"ddd":0,"ind":4,"ty":4,"nm":"Plants Outlines","sr":1,"ks":{"o":{"a":0,"k":100,"ix":11},"r":{"a":0,"k":0,"ix":10},"p":{"a":0,"k":[177.577,312.394,0],"ix":2},"a":{"a":0,"k":[21.076,38.284,0],"ix":1},"s":{"a":0,"k":[100,100,100],"ix":6}},"ao":0,"shapes":[{"ty":"gr","it":[{"ind":0,"ty":"sh","ix":1,"ks":{"a":0,"k":{"i":[[0.202,0],[0.046,0.015],[0.075,0.003],[-0.01,0.26],[-0.284,-0.013],[-6.148,-1.9],[0.077,-0.25]],"o":[[-0.046,0],[-6.028,-1.864],[-0.261,-0.011],[0.011,-0.26],[0.076,0.004],[0.249,0.077],[-0.063,0.203]],"v":[[6.845,1.587],[6.706,1.566],[-6.911,-0.629],[-7.364,-1.121],[-6.872,-1.574],[6.985,0.663],[7.297,1.254]],"c":true},"ix":2},"nm":"Path 1","mn":"ADBE Vector Shape - Group","hd":false},{"ind":1,"ty":"sh","ix":2,"ks":{"a":0,"k":{"i":[[0.252,0],[0,0],[-0.01,0.26],[6.428,6.018],[-0.178,0.191],[-0.192,-0.178],[0.791,-19.026]],"o":[[0,0],[-0.268,-0.011],[0.781,-18.762],[-0.191,-0.178],[0.179,-0.19],[6.557,6.138],[-0.012,0.254]],"v":[[9.656,23.754],[9.643,23.754],[9.183,23.262],[-5.304,-22.232],[-5.327,-22.9],[-4.658,-22.922],[10.129,23.301]],"c":true},"ix":2},"nm":"Path 2","mn":"ADBE Vector Shape - Group","hd":false},{"ty":"fl","c":{"a":0,"k":[0.2196078431372549,0.7137254901960784,1,1],"ix":4},"o":{"a":0,"k":20,"ix":5},"r":1,"bm":0,"nm":"Fill 1","mn":"ADBE Vector Graphic - Fill","hd":false},{"ind":3,"ty":"sh","ix":4,"ks":{"a":0,"k":{"i":[[0.161,-0.092],[0.827,0.556],[0.762,1.521],[-0.278,1.958],[-0.283,0.986],[-0.278,0.968],[0.126,0.986],[1.602,1.199],[-0.011,2.391],[-1.143,1.448],[-1.033,1.528],[0.122,1.323],[0.394,0.726],[0.582,1.672],[-1.305,1.197],[-1.45,-0.096],[-1.173,-0.653],[-4.028,-1.624],[-1.619,-0.428],[-0.75,-1.498],[-1.04,-3.135],[-1.514,-2.5],[0.107,-1.274],[1.034,-2.398],[0,0]],"o":[[-1.047,0.601],[-1.415,-0.949],[-0.886,-1.77],[0.144,-1.016],[0.279,-0.967],[0.275,-0.956],[-0.254,-1.986],[-1.772,-1.328],[0.007,-1.844],[1.143,-1.448],[0.744,-1.1],[-0.075,-0.821],[-0.844,-1.556],[-0.582,-1.672],[1.072,-0.982],[1.342,0.088],[3.796,2.11],[1.553,0.626],[1.619,0.428],[1.479,2.953],[0.919,2.774],[0.662,1.093],[-0.181,2.156],[-0.855,1.982],[-0.063,0.062]],"v":[[-1.104,29.487],[-5.137,28.218],[-8.461,24.403],[-9.293,18.778],[-8.582,15.786],[-7.747,12.883],[-7.321,9.954],[-10.94,5.378],[-14.547,-0.092],[-12.441,-5.098],[-8.909,-9.352],[-7.706,-13.068],[-8.515,-15.389],[-11.055,-20.042],[-10.249,-24.992],[-6.135,-26.014],[-2.31,-24.667],[7.68,-16.438],[12.554,-15.247],[16.574,-12.494],[16.349,-2.768],[21.477,3.568],[22.185,7.199],[20.654,13.335],[17.286,18.863]],"c":true},"ix":2},"nm":"Path 3","mn":"ADBE Vector Shape - Group","hd":false},{"ty":"fl","c":{"a":0,"k":[0.08235294117647059,0.1450980392156863,0.23921568627450981,1],"ix":4},"o":{"a":0,"k":100,"ix":5},"r":1,"bm":0,"nm":"Fill 2","mn":"ADBE Vector Graphic - Fill","hd":false},{"ty":"tr","p":{"a":0,"k":[29.308,69.731],"ix":2},"a":{"a":0,"k":[9.5,23.5],"ix":1},"s":{"a":0,"k":[159,159],"ix":3},"r":{"a":1,"k":[{"i":{"x":[0.45],"y":[1]},"o":{"x":[0.333],"y":[0]},"t":0,"s":[-14]},{"i":{"x":[0.45],"y":[1]},"o":{"x":[0.333],"y":[0]},"t":67,"s":[-18.115]},{"i":{"x":[0.45],"y":[1]},"o":{"x":[0.333],"y":[0]},"t":150,"s":[-10.107]},{"i":{"x":[0.45],"y":[1]},"o":{"x":[0.333],"y":[0]},"t":235,"s":[-16.34]},{"t":299,"s":[-14]}],"ix":6},"o":{"a":0,"k":100,"ix":7},"sk":{"a":0,"k":0,"ix":4},"sa":{"a":0,"k":0,"ix":5},"nm":"Transform"}],"nm":"Group 1","np":5,"cix":2,"bm":0,"ix":1,"mn":"ADBE Vector Group","hd":false},{"ty":"gr","it":[{"ind":0,"ty":"sh","ix":1,"ks":{"a":0,"k":{"i":[[0.232,0],[0.022,0.002],[-0.036,0.258],[8.957,8.753],[-0.183,0.186],[-0.186,-0.183],[2.78,-20.114]],"o":[[-0.022,0],[-0.259,-0.037],[2.74,-19.823],[-0.186,-0.181],[0.183,-0.185],[9.12,8.912],[-0.032,0.236]],"v":[[8.515,24.012],[8.45,24.008],[8.046,23.475],[-6.143,-26.819],[-6.15,-27.487],[-5.482,-27.494],[8.982,23.604]],"c":true},"ix":2},"nm":"Path 2","mn":"ADBE Vector Shape - Group","hd":false},{"ty":"fl","c":{"a":0,"k":[0.2196078431372549,0.7137254901960784,1,1],"ix":4},"o":{"a":0,"k":21,"ix":5},"r":1,"bm":0,"nm":"Fill 2","mn":"ADBE Vector Graphic - Fill","hd":false},{"ind":2,"ty":"sh","ix":3,"ks":{"a":0,"k":{"i":[[0,0],[5.579,7.218],[-5.236,2.104],[-3.343,-21.174],[0,0]],"o":[[0.179,-19.65],[-9.456,-12.234],[5.235,-2.105],[2.377,15.059],[0,0]],"v":[[6.113,32.422],[-6.464,-9.706],[-9.452,-30.316],[13.543,-3.945],[12.741,28.635]],"c":true},"ix":2},"nm":"Path 1","mn":"ADBE Vector Shape - Group","hd":false},{"ty":"fl","c":{"a":0,"k":[0.2196078431372549,0.7137254901960784,1,1],"ix":4},"o":{"a":0,"k":100,"ix":5},"r":1,"bm":0,"nm":"Fill 1","mn":"ADBE Vector Graphic - Fill","hd":false},{"ty":"tr","p":{"a":0,"k":[35.732,61.922],"ix":2},"a":{"a":0,"k":[9.75,29.25],"ix":1},"s":{"a":0,"k":[157,157],"ix":3},"r":{"a":1,"k":[{"i":{"x":[0.45],"y":[1]},"o":{"x":[0.333],"y":[0]},"t":0,"s":[-7]},{"i":{"x":[0.45],"y":[1]},"o":{"x":[0.333],"y":[0]},"t":135,"s":[0]},{"t":299,"s":[-7]}],"ix":6},"o":{"a":0,"k":100,"ix":7},"sk":{"a":0,"k":0,"ix":4},"sa":{"a":0,"k":0,"ix":5},"nm":"Transform"}],"nm":"Group 6","np":4,"cix":2,"bm":0,"ix":2,"mn":"ADBE Vector Group","hd":false}],"ip":-20,"op":522.4,"st":-20,"bm":0},{"ddd":0,"ind":5,"ty":4,"nm":"Floor Outlines","sr":1,"ks":{"o":{"a":0,"k":100,"ix":11},"r":{"a":0,"k":0,"ix":10},"p":{"a":0,"k":[253.032,347.831,0],"ix":2},"a":{"a":0,"k":[253.033,121.89,0],"ix":1},"s":{"a":0,"k":[100,100,100],"ix":6}},"ao":0,"shapes":[{"ty":"gr","it":[{"ind":0,"ty":"sh","ix":1,"ks":{"a":0,"k":{"i":[[-89.938,-43.278],[-89.935,43.278],[89.938,43.278],[89.937,-43.277]],"o":[[89.937,43.278],[89.938,-43.279],[-89.936,-43.279],[-89.937,43.279]],"v":[[-159.937,78.361],[165.752,78.363],[165.752,-78.362],[-159.938,-78.364]],"c":true},"ix":2},"nm":"Path 1","mn":"ADBE Vector Shape - Group","hd":false},{"ty":"fl","c":{"a":0,"k":[0,0,0,0],"ix":4},"o":{"a":0,"k":20,"ix":5},"r":1,"bm":0,"nm":"Fill 1","mn":"ADBE Vector Graphic - Fill","hd":false},{"ty":"tr","p":{"a":0,"k":[250.125,121.891],"ix":2},"a":{"a":0,"k":[0,0],"ix":1},"s":{"a":0,"k":[100,100],"ix":3},"r":{"a":0,"k":0,"ix":6},"o":{"a":0,"k":100,"ix":7},"sk":{"a":0,"k":0,"ix":4},"sa":{"a":0,"k":0,"ix":5},"nm":"Transform"}],"nm":"Group 1","np":2,"cix":2,"bm":0,"ix":1,"mn":"ADBE Vector Group","hd":false}],"ip":522.4,"op":522.4,"st":-20,"bm":0,"hidden":-20}],"markers":[]}